 to your browser, para o seu navegador,
"""Company History""","""História da Empresa""",
"""Parent"" signifies the parent table in which this row must be added","""Principal"" significa a a tabela principal na qual deve ser acrescentada esta linha",
"""Team Members"" or ""Management""","""Membros da Equipa"" ou ""Gestão""",
"""amended_from"" field must be present to do an amendment.",O campo &quot;alterado_de&quot; deve estar presente para fazer uma alteração.,
"""{0}"" is not a valid Google Sheets URL",&quot;{0}&quot; não é um URL válido do Planilhas Google,
&lt;head&gt; HTML,&lt;head&gt; HTML,
'In Global Search' not allowed for type {0} in row {1},&#39;Na Pesquisa Global&#39; não é permitido para o tipo {0} na linha {1},
'In List View' not allowed for type {0} in row {1},'Visualização em Lista' não pode ser utilizado para o tipo {0} na linha {1},
'Recipients' not specified,'Destinatários' não especificado,
'{0}' not allowed for type {1} in row {2},&#39;{0}&#39; não permitido para o tipo {1} na linha {2},
(Mandatory),(Obrigatório),
** Failed: {0} to {1}: {2},** Falha: {0} para {1}: {2},
+ Add / Remove Fields,+ Adicionar / Remover Campos,
0 - Draft; 1 - Submitted; 2 - Cancelled,0 - Rascunho; 1 - Enviado; 2 - Cancelado,
0 is highest,0 é maior,
1 Google Calendar Event synced.,1 Evento do Google Agenda sincronizado.,
1 Report,1 relatório,
1 comment,1 comentário,
1 hour ago,1 hora atrás,
1 minute ago,1 minuto atrás,
1 month ago,1 mês atrás,
1 record will be exported,1 registro será exportado,
1 week ago,1 semana atrás,
1 year ago,1 ano atrás,
5 Records,5 registros,
; not allowed in condition,; não permitido na condição,
A featured post must have a cover image,Uma postagem em destaque deve ter uma imagem de capa,
A list of resources which the Client App will have access to after the user allows it.<br> e.g. project,"Uma lista de recursos que o aplicativo cliente terá acesso a depois que o usuário permita. <br> por exemplo, do projeto",
A new account has been created for you at {0},Uma nova conta foi criada para você em {0},
A recurring {0} {1} has been created for you via Auto Repeat {2}.,Um {0} {1} recorrente foi criado para você através da Repetição automática {2}.,
A symbol for this currency. For e.g. $,Um símbolo para esta moeda. Por exemplo: R$,
A word by itself is easy to guess.,Uma palavra por si só é fácil de adivinhar.,
A4,A4,
ALL,Tudo,
API,API,
API Access,Acesso API,
API Endpoint,API Endpoint,
API Endpoint Args,API Endpoint Args,
API Key,Chave da API,
API Method,Método API,
API Secret,Segredo da API,
ASC,ASC,
About Us Settings,Configurações do Quem Somos,
About Us Team Member,Sobre Nós - Membros da Equipe,
About {0} minute remaining,Cerca de {0} minuto restante,
About {0} minutes remaining,Cerca de {0} minutos restantes,
About {0} seconds remaining,Cerca de {0} segundos restantes,
Access Key ID,ID da chave de acesso,
Access Key Secret,Segredo da chave de acesso,
Access Log,Log de acesso,
Access Token,Token de Acesso,
Access Token URL,URL do Token de Acesso,
Access not allowed from this IP Address,Acesso não permitido deste endereço IP,
Account,Conta,
Accounts Manager,Gerente de Contas,
Accounts User,Usuário de Contas,
Action,Ação,
Action / Route,Ação / Rota,
Action Failed,A Ação Falhou,
Action Timeout (Seconds),Tempo Limite de Ação (Segundos),
Action Type,Tipo de acão,
Actions,Ações,
Active,Ativo,
Active Domains,Domínios ativos,
Active Sessions,Sessões ativas,
Activity,Atividade,
Activity Log,Log de Atividade,
Add,Adicionar,
Add / Remove Columns,Adicionar / Remover Colunas,
Add / Update,Adicionar / Atualizar,
Add A New Rule,Adicionar uma Nova Regra,
Add Attachment,Anexar,
Add Chart to Dashboard,Adicionar gráfico ao Dashboard,
Add Child,Adicionar Sub-item,
Add Column,Adicionar Coluna,
Add Contact,Adicionar contato,
Add Contacts,Adicionar contatos,
Add Container,Adicionar recipiente,
Add Custom Tags,Adicionar tags personalizadas,
Add Filters,Adicionar Filtros,
Add Gray Background,Adicionar fundo cinza,
Add Group,Adicionar grupo,
Add Multiple,Adicionar Múltiplos,
Add New Permission Rule,Adicionar Nova Regra de Permissão,
Add Participants,Adicione participantes,
Add Review,Adicione uma avaliação,
Add Row,Adicionar Linha,
Add Signature,Adicionar Assinatura,
Add Subscribers,Adicionar Inscritos,
Add Total Row,Adicionar Linha de Total,
Add Unsubscribe Link,Adicionar link para cancelar inscrição,
Add User Permissions,Adicionar permissões do usuário,
Add a Filter,Adicionar Filtro,
Add a New Role,Adicionar uma Nova Função,
Add a comment,Adicionar um comentário,
Add a new section,Adicione uma nova seção,
Add a {0} Chart,Adicionar um {0} gráfico,
Add column,Adicionar column,
Add script for Child Table,Adicionar script para tabela filho,
Add to Dashboard,Adicionar ao Dashboard,
Add to ToDo,Adicionar ao ToDo,
Add to table,Adicionar à mesa,
Add to this activity by mailing to {0},Adicione a esta atividade enviando para {0},
"Added HTML in the &lt;head&gt; section of the web page, primarily used for website verification and SEO","HTML adicionado na seção &lt;head&gt; da página web, principalmente utilizadas para a verificação do site e SEO",
Added {0} ({1}),Adicionado {0} ({1}),
Additional Permissions,Permissões Adicionais,
Address,Endereço,
Address Line 1,Endereço,
Address Line 2,Complemento,
Address Template,Modelo de Endereço,
Address Title,Título do Endereço,
Address Title is mandatory.,Titulo do Endereço é obrigatório.,
Address Type,Tipo de Endereço,
Address and other legal information you may want to put in the footer.,Endereço e outras informações legais que você pode querer colocar no rodapé.,
Addresses,Endereços,
Addresses And Contacts,Endereços e Contatos,
Adds a custom field to a DocType,Adiciona um campo personalizado para um Tipo de Documento (DocType),
Administration,Administração,
Administrator,Administrador,
Administrator Logged In,Administrador logou-se,
Administrator accessed {0} on {1} via IP Address {2}.,Administrador acessada {0} em {1} através do endereço IP {2}.,
Advanced,Avançado,
Advanced Control,Controle Avançado,
Advanced Search,Pesquisa Avançada,
Advanced Settings,Configurações avançadas,
After Cancel,Após Cancelar,
After Delete,Após Excluir,
After Save,Após salvar,
After Save (Submitted Document),Após salvar (documento enviado),
After Submit,Após o envio,
Aggregate Function Based On,Função agregada com base em,
Aggregate Function field is required to create a dashboard chart,O campo Função Agregada é necessário para criar um gráfico de dashboard,
Alert,Alerta,
Align Labels to the Right,Alinhar etiquetas à direita,
Align Right,Alinhar à direita,
Align Value,Alinhar Valor,
All,Todos,
All Day,Dia Inteiro,
All Images attached to Website Slideshow should be public,Todas as imagens anexadas à apresentação de slides do site devem ser públicas,
All Records,Todos os registros,
All Time,Tempo todo,
All customizations will be removed. Please confirm.,Todas as personalizações serão removidos. Por favor confirme.,
All-uppercase is almost as easy to guess as all-lowercase.,Tudo em maiúsculas é quase tão fácil de adivinhar como tudo em minúsculas.,
Allocated To,Atribuído a,
Allot Points To Assigned Users,Atribuir pontos aos usuários atribuídos,
Allow,Permitir,
Allow API Indexing Access,Permitir acesso de indexação de API,
Allow Auto Repeat,Permitir repetição automática,
Allow Bulk Edit,Permitir edição em massa,
Allow Bulk Editing,Permitir edição em massa,
Allow Comments,Permitir Comentários,
Allow Consecutive Login Attempts ,Permitir tentativas de login consecutivas,
Allow Delete,Permitir Excluir,
Allow Dropbox Access,Permitir Acesso Dropbox,
Allow Google Calendar Access,Permitir acesso ao Google Agenda,
Allow Google Contacts Access,Permitir acesso aos Contatos do Google,
Allow Google Drive Access,Permitir acesso ao Google Drive,
Allow Guest,Permitir convidado,
Allow Guest to View,Permitir visualização de convidado,
Allow Guests to Upload Files,Permitir que os convidados façam upload de arquivos,
Allow Import (via Data Import Tool),Permitir Importação (via Data Import Tool),
Allow Incomplete Forms,Permitir Formulários Incompletos,
Allow Login After Fail,Permitir login após falha,
Allow Login using Mobile Number,Permitir login usando o número de celular,
Allow Login using User Name,Permitir Login usando o nome de usuário,
Allow Modules,Permitir Módulos,
Allow Print,Permitir Impressão,
Allow Print for Cancelled,Permitir impressão para cancelado,
Allow Print for Draft,Permitir impressão para rascunho,
Allow Read On All Link Options,Permitir leitura em todas as opções de link,
Allow Rename,Permitir Renomear,
Allow Roles,Permitir Funções,
Allow Self Approval,Permitir auto-aprovação,
Allow approval for creator of the document,Permitir aprovação para o criador do documento,
Allow document creation via Email,Permitir a criação de documentos por e-mail,
Allow events in timeline,Permitir eventos na linha do tempo,
Allow in Quick Entry,Permitir na entrada rápida,
Allow on Submit,Permitir ao Enviar,
Allow only one session per user,Permitir apenas uma sessão por usuário,
Allow page break inside tables,Permitir quebra de página dentro de tabelas,
Allow saving if mandatory fields are not filled,Permitir salvar se os campos obrigatórios não são preenchidas,
Allow user to login only after this hour (0-24),Permitir que o usuário faça o login somente após este horário (0-24),
Allow user to login only before this hour (0-24),Permitir que o usuário faça o login somente antes deste horário (0-24),
Allowed,Permitido,
Allowed In Mentions,Permitido nas menções,
"Allowing DocType, DocType. Be careful!","Permitindo DocType , DocType . Tenha cuidado !",
Already Registered,Já está registrado,
Already in the following Users ToDo list:{0},Já está na seguinte lista de tarefas de usuários: {0},
Also adding the dependent currency field {0},Adicionando também o campo de moeda dependente {0},
Also adding the status dependency field {0},Incluindo também o campo de dependência do status {0},
"Always add ""Draft"" Heading for printing draft documents","Sempre adicionar ""Rascunho"" no cabeçalho para impressão de documentos não enviados",
Amend,Corrigir,
Amended From,Alterado De,
Amending,A Alterar,Freeze message while amending a document
An error occurred while setting Session Defaults,Ocorreu um erro ao definir os Padrões da Sessão,
An icon file with .ico extension. Should be 16 x 16 px. Generated using a favicon generator. [favicon-generator.org],Um ícone do arquivo com extensão .ico. Deve ser de 16 x 16 px. Gerado usando um gerador de favicon. [favicon-generator.org],
Analytics,Análise,
Ancestors Of,Antepassados De,
Annual,Anual,
Another transaction is blocking this one. Please try again in a few seconds.,"Outra transação está bloqueando essa. Por favor, tente novamente em alguns segundos.",
"Another {0} with name {1} exists, select another name","Outra {0} com o nome {1} existe , selecione outro nome",
Any string-based printer languages can be used. Writing raw commands requires knowledge of the printer's native language provided by the printer manufacturer. Please refer to the developer manual provided by the printer manufacturer on how to write their native commands. These commands are rendered on the server side using the Jinja Templating Language.,"Qualquer linguagem de impressora baseada em string pode ser usada. Escrever comandos simples requer conhecimento da linguagem nativa da impressora fornecida pelo fabricante da impressora. Por favor, consulte o manual do desenvolvedor fornecido pelo fabricante da impressora sobre como escrever seus comandos nativos. Esses comandos são processados no lado do servidor usando o Jinja Templating Language.",
"Apart from System Manager, roles with Set User Permissions right can set permissions for other users for that Document Type.","Além de System Manager, as funções com o conjunto de permissões certas pode definir permissões para outros usuários para esse tipo de documento.",
App,Aplicativo,
App Access Key,App Chave de Acesso,
App Client ID,App Cliente ID,
App Client Secret,App Cliente secreto,
App Name,Nome do App,
App Secret Key,App chave secreta,
App {0} is not installed,App {0} não está instalado,
Append Emails to Sent Folder,Anexar emails à pasta enviada,
Append To,Acrescente Para,
Append To can be one of {0},Para anexar pode ser um dos {0},
Applicable Document Types,Tipos de documentos aplicáveis,
Applicable For,Aplicável Para,
Application Logo,Logo do aplicativo,
Application Name,Nome da Aplicação,
Application Version,Versão do aplicativo,
Applied On,Aplicado em,
Apply,Aplicar,
Apply Assignment Rule,Aplicar regra de atribuição,Button in list view actions menu
Apply Document Permissions,Aplicar permissões de documento,
Apply Filters,Aplicar Filtro(s),
Apply Only Once,Aplicar apenas uma vez,
Apply Strict User Permissions,Aplicar permissões de usuário estrito,
Apply To All Document Types,Aplicar a todos os tipos de documentos,
Apply this rule if the User is the Owner,Aplicar esta regra se o usuário é o proprietário,
Apply this rule only once per document,Aplique esta regra apenas uma vez por documento,
Apply to all Documents Types,Aplicar a todos os tipos de documentos,
Applying: {0},Aplicando: {0},
Appreciate,Apreciar,
Appreciation,Apreciação,
Approval Required,Aprovação necessária,
Apps,Aplicativos,
Archive,Arquivar,
Archived,Arquivada,
Archived Columns,Colunas Arquivadas,
Are you sure you want to delete all rows?,Tem certeza de que deseja excluir todas as linhas?,
Are you sure you want to delete the attachment?,Tem certeza de que deseja excluir o anexo?,
Are you sure you want to generate a new report?,Tem certeza de que deseja gerar um novo relatório?,
Are you sure you want to merge {0} with {1}?,Tem certeza de que deseja mesclar {0} com {1}?,
Are you sure you want to relink this communication to {0}?,Você tem certeza que deseja relinkar a comunicação para {0}?,
Are you sure you want to reset all customizations?,Tem certeza de que deseja redefinir todas as personalizações?,
Are you sure you want to save this document?,Tem certeza que deseja salvar este documento?,
Are you sure?,Você tem certeza?,
Arial,Arial,
"As a best practice, do not assign the same set of permission rule to different Roles. Instead, set multiple Roles to the same User.","Como uma prática recomendada , não atribua o mesmo conjunto de regras de permissão para diferentes funções. Em vez disso, definir várias funções para o mesmo usuário.",
Assign Condition,Atribuir condição,
Assign To,Atribuir a,
Assign To User Group,Atribuir ao grupo de usuários,
Assign To Users,Atribuir aos usuários,
Assign a user,Atribuir um usuário,
"Assign one by one, in sequence","Atribuir um por um, em seqüência",
Assign to me,Atribuir para mim,
Assign to the one who has the least assignments,Atribuir a quem tem menos atribuições,
Assign to the user set in this field,Atribuir ao usuário definido neste campo,
Assigned,Atribuído,
Assigned By,Atribuído por,
Assigned By Full Name,Atribuído por Nome completo,
Assigned To,Atribuído a,
Assigned To/Owner,Atribuído a / Proprietário,
Assignment,Tarefa,
Assignment Completed,Atribuição Concluída,
Assignment Days,Dias de atribuição,
Assignment Rule,Regra de Atribuição,
Assignment Rule Day,Dia da regra de atribuição,
Assignment Rule User,Usuário da regra de atribuição,
Assignment Rules,Regras de Atribuição,
Assignment Update on {0},Atualização de atribuição em {0},
Assignment for {0} {1},Atribuição para {0} {1},
Assignment of {0} removed by {1},Atribuição de {0} removida por {1},
Assignments,atribuições,
Atleast one field of Parent Document Type is mandatory,Pelo menos um campo do tipo de documento pai é obrigatório,
Attach,Anexar,
Attach Document Print,Anexar Cópia do Documento,
Attach Image,Anexar Imagem,
Attach Print,Anexar cópia,
Attach a web link,Anexar um link da web,
Attach files / urls and add in table.,Anexe arquivos / URLs e adicione na tabela.,
Attached File,Arquivo anexo,
Attached To DocType,Anexado ao Doctype,
Attached To Field,Relacionado ao campo,
Attached To Name,Anexado Para Nome,
Attachment,Anexo,
Attachment Limit (MB),Limite de Anexo (MB),
Attachment Link,Link de Anexo,
Attachment Removed,Anexo Removido,
Attachments,Anexos,
Attempting Connection to QZ Tray...,Tentando conexão com a bandeja QZ ...,
Attempting to launch QZ Tray...,Tentativa de lançar o QZ Tray ...,
Auth URL Data,Dados de URL de autenticação,
Authentication,Autenticação,
Authentication Apps you can use are: ,Os aplicativos de autenticação que você pode usar são:,
Authentication failed while receiving emails from Email Account: {0}.,Falha na autenticação ao receber e-mails da conta de e-mail: {0}.,
Author,Autor,
Authorization Code,Código de autorização,
Authorize API Indexing  Access,Autorizar acesso de indexação de API,
Authorize Google Calendar Access,Autorizar acesso ao Google Agenda,
Authorize Google Contacts Access,Autorizar o acesso dos Contatos do Google,
Authorize Google Drive Access,Autorizar acesso ao Google Drive,
Authorize URL,Autorizar URL,
Authorized,Autorizado,
Auto,Auto,
Auto Email Report,Relatório por Email Automático,
Auto Name,Nome Automático,
Auto Repeat,Repetição Automática,
Auto Repeat Document Creation Failed,Falha na criação de documentos de repetição automática,
Auto Repeat created for this document,Repetição automática criada para este documento,
Auto Repeat failed for {0},A repetição automática falhou para {0},
Auto Reply Message,Resposta Automática,
Auto assignment failed: {0},Atribuição automática falhou: {0},
Automatic Linking can be activated only for one Email Account.,O link automático pode ser ativado apenas para uma conta de e-mail.,
Automatic Linking can be activated only if Incoming is enabled.,O Link automático só pode ser ativado se a Entrada estiver ativada.,
Automatically Assign Documents to Users,Atribuir documentos automaticamente aos usuários,
Automation,Automação,
Avatar,Avatar,
Average,Média,
Average of {0},Média de {0},
Avoid dates and years that are associated with you.,Evite datas e anos associados a você.,
Avoid recent years.,Evite anos recentes.,
Avoid sequences like abc or 6543 as they are easy to guess,"Evite sequências como abc ou 6543, pois são fáceis de adivinhar",
Avoid years that are associated with you.,Evite anos associados a você.,
Awaiting Password,Aguardando Senha,
Awaiting password,Aguardando Senha,
BCC,CCO,
Back,Voltar,
Back to Desk,De volta à mesa,
Back to Home,Retornar ao Início,
Back to Login,Voltar para Login,
Background Color,Cor de Fundo,
Background Jobs,Tarefas em Segundo Plano,
Background Workers,Trabalhadores em Segundo Plano,
Backing up to Google Drive.,Fazendo backup no Google Drive.,
Backup Details,Detalhes de backup,
Backup Files,Arquivos de backup,
Backup Folder ID,ID da pasta de backup,
Backup Folder Name,Nome da pasta de backup,
Backup Frequency,Frequência de Backup,
Backup job is already queued. You will receive an email with the download link,O trabalho de backup já está em fila. Você receberá um e-mail com o link de download,
Backup public and private files along with the database.,Faça backup de arquivos públicos e privados junto com o banco de dados.,
Backups,Backups,
Banner,Faixa,
Banner HTML,Faixa HTML,
Banner Image,Imagem do Banner,
Banner is above the Top Menu Bar.,A faixa está acima da barra de menu superior.,
Bar,Barra,
Barcode,Código de barras,
Base Distinguished Name (DN),Base de dados de nome distinto (DN),
Base URL,URL Base,
Based On,Baseado em,
Based on Field,Com base no campo,
Based on Permissions For User,Com base em permissões para o usuário,
Basic,Básico,
Basic Info,Informações básicas,
Before Cancel,Antes de Cancelar,
Before Delete,Antes de excluir,
Before Insert,Antes da inserção,
Before Save,Antes de salvar,
Before Save (Submitted Document),Antes de salvar (documento enviado),
Before Submit,Antes de enviar,
Beginner,Principiante,
Beginning with,Começando com,
Beta,Beta,
Better add a few more letters or another word,Recomenda-se adicionar mais algumas letras ou colocar uma palavra adicional,
Between,Entre,
Billing,Faturamento,
Bio,Bio,
Birth Date,Data de nascimento,
Blank Template,Modelo em branco,
Block Module,Módulo Bloco,
Block Modules,Bloquear Módulos,
Blocked,Bloqueado,
Blog,Blog,
Blog Category,Categoria do Blog,
Blog Intro,Introdução do Blog,
Blog Introduction,Introdução do Blog,
Blog Post,Mensagem do Blog,
Blog Settings,Configurações do Blog,
Blog Title,Título do Blog,
Blogger,Blogueiro,
Blue,Azul,
Bold,Negrito,
Bot,Bot,
Both DocType and Name required,Ambos DocType e Nome é obrigatório,
Both login and password required,Login e senha necessários,
Bottom,Inferior,
Bounced,Bounced,
Brand,Marca,
Brand HTML,Marca HTML,
Brand Image,Imagem da Marca,
Breadcrumbs,Breadcrumbs,
Browser,Navegador,
Browser Version,Versão do navegador,
Browser not supported,Navegador não suportado,
Brute Force Security,Segurança da força bruta,
Bucket Name,Nome do intervalo,
Bulk Actions,Ações em massa,
Bulk Delete,Excluir em massa,
Bulk Edit,Bulk Editar,
Bulk Edit {0},Edição em Massa {0},
Bulk Operation Successful,Operação em massa bem-sucedida,
Bulk Update,Alteração em Massa,
Button,Botão,
Button Gradients,Gradientes de botão,
Button Rounded Corners,Botão Cantos Arredondados,
Button Shadows,Sombras de botão,
"By default the title is used as meta title, adding a value here will override it.","Por padrão, o título é usado como meta título, adicionar um valor aqui irá substituí-lo.",
Bypass Restricted IP Address Check If Two Factor Auth Enabled,"Ignorar endereço IP restrito, verificar se a autenticação de dois fatores estiver habilitada",
Bypass Two Factor Auth for users who login from restricted IP Address,Bypass Two Factor Auth para usuários que fazem login do endereço IP restrito,
Bypass restricted IP Address check If Two Factor Auth Enabled,Ignorar verificação de endereço IP restrito se dois fatores de autenticação habilitados,
CANCELLED,CANCELADO,
CC,CC,
CSS,CSS,
CSS Class,Classe CSS,
CSV,CSV,
CTA Label,Etiqueta CTA,
CTA URL,URL CTA,
Cache Cleared,Cache Limpo,
Calculate,Calcular,
Calendar,Calendário,
Calendar Name,Nome do calendário,
Calendar View,Vista Calendário,
Call,Chamada Telefônica,
Call To Action,Apelo à ação,
Call To Action URL,URL de apelo à ação,
Callback Message,Mensagem de retorno,
Callback Title,Título de retorno,
Camera,câmera,
Campaign,Campanha,
Can Read,Pode Ler,
Can Share,Pode Compartilhar,
Can Write,Pode Escrever,
Cancel,Cancelar,
Cancel All Documents,Cancelar todos os documentos,
Cancel {0} documents?,Cancelar {0} documentos?,Title of confirmation dialog
Cancelled,Cancelado,
Cancelled Document restored as Draft,Documento Cancelado restaurado como Rascunho,
Cancelling,A Cancelar,Freeze message while cancelling a document
Cancelling documents,Cancelando documentos,
Cancelling {0},Cancelando {0},
Cannot Remove,Não é Possível Remover,
Cannot cancel before submitting. See Transition {0},Não pode cancelar antes de enviar.,
Cannot change state of Cancelled Document. Transition row {0},Não é possível alterar o estado de Documento Cancelado .,
Cannot create a {0} against a child document: {1},Não é possível criar um {0} contra um documento filho: {1},
Cannot delete Home and Attachments folders,Não é possível excluir pastas Inicial e Anexos,
Cannot delete or cancel because {0} {1} is linked with {2} {3} {4},Não é possível excluir ou cancelar porque {0} {1} está vinculado com {2} {3} {4},
Cannot delete standard action. You can hide it if you want,Não é possível excluir a ação padrão. Você pode esconder se quiser,
Cannot delete standard field. You can hide it if you want,Não é possível excluir campo padrão. Você pode escondê-lo se você quiser,
Cannot delete standard link. You can hide it if you want,Não é possível excluir o link padrão. Você pode esconder se quiser,
Cannot delete {0},Não é possível excluir {0},
Cannot delete {0} as it has child nodes,"Não é possível excluir {0} , pois tem nós filhos",
"Cannot edit Standard Notification. To edit, please disable this and duplicate it","Não é possível editar a notificação padrão. Para editar, desative e duplique",
Cannot edit a standard report. Please duplicate and create a new report,"Não é possível editar um relatório padrão. Por favor, duplique e crie um novo relatório",
Cannot edit cancelled document,Não é possível editar documento cancelado,
Cannot edit filters for standard charts,Não é possível editar filtros para gráficos padrão,
Cannot edit standard fields,Não é possível editar campos padrão,
Cannot have multiple printers mapped to a single print format.,Não é possível ter várias impressoras mapeadas para um único formato de impressão.,
Cannot link cancelled document: {0},Não é possível vincular documento cancelado: {0},
Cannot match column {0} with any field,Não é possível combinar a coluna {0} com nenhum campo,
Cannot move row,Não é possível mover a linha,
Cannot remove ID field,Não é possível remover o campo ID,
Cannot update {0},Não é possível atualizar {0},
Capitalization doesn't help very much.,"A senha não é boa o suficiente, mas será aceita.",
Capture,Capture,
Card,Cartão,
Card Label,Etiqueta do cartão,
Cards,Postais,
Category,Categoria,
Category Description,Descrição da Categoria,
Category Name,Nome da Categoria,
Cent,Centavo,
Center,Centro,
"Certain documents, like an Invoice, should not be changed once final. The final state for such documents is called Submitted. You can restrict which roles can Submit.","Alguns documentos , como uma fatura , não deve ser trocada uma vez final. O estado final de tais documentos é chamado Enviado. Você pode restringir quais funções pode se submeter.",
Chain Integrity,Integridade da Corrente,
Chaining Hash,Chain Hash,
Change,Troco,
Change Label (via Custom Translation),Alterar etiqueta (via tradução personalizada),
Change Password,Alterar Senha,
Change User,Mudar usuário,
Channel,Canal,
Chart,Gráfico,
Chart Configuration,Configuração de Gráfico,
Chart Name,Nome do gráfico,
Chart Options,Opções de gráfico,
Chart Source,Fonte do gráfico,
Chart Type,Tipo de gráfico,
Charts,Gráficos,
Chat,Chat,
Check,Verifica,
Check Request URL,URL de solicitação de verificação,
"Check columns to select, drag to set order.","Verifique colunas para selecionar, arrastar para definir a ordem.",
Check the Error Log for more information: {0},Verifique o log de erros para mais informações: {0},
Check this if you don't want users to sign up for an account on your site. Users won't get desk access unless you explicitly provide it.,Marque esta opção se não quiser que os usuários se inscrevam em uma conta no seu site. Os usuários não terão acesso à mesa a menos que você o forneça explicitamente.,
Check this if you want to force the user to select a series before saving. There will be no default if you check this.,Marque esta opção se você deseja forçar o usuário a selecionar uma série antes de salvar. Não haverá nenhum padrão se você marcar isso.,
Checking one moment,"Checando,nto",
"Checking this will enable tracking page views for blogs, web pages, etc.","Marcar isso permitirá o rastreamento de visualizações de páginas de blogs, páginas da web, etc.",
Checking this will hide custom doctypes and reports cards in Links section,Marcar isto irá esconder doctypes personalizados e cartões de relatórios na seção Links,
Checking this will publish the page on your website and it'll be visible to everyone.,Marcar isso publicará a página em seu site e ficará visível para todos.,
Checking this will show a text area where you can write custom javascript that will run on this page.,Marcar isto irá mostrar uma área de texto onde você pode escrever um javascript personalizado que será executado nesta página.,
Checksum Version,Versão Checksum,
Child Tables are shown as a Grid in other DocTypes,Tabelas secundárias são mostradas como uma grade em outros DocTypes,
Choose Existing Card or create New Card,Escolha o cartão existente ou crie um novo cartão,
Choose authentication method to be used by all users,Escolha o método de autenticação a ser usado por todos os usuários,
City,Cidade,
City/Town,Cidade/Município,
Clear,Limpar,
Clear Assignment,Limpar Atribuição,Button in list view actions menu
Clear Cache and Reload,Limpar cache e recarregar,
Clear Error Logs,Limpar Logs de Erro,
Clear Filters,Limpar filtros,
Clear User Permissions,Limpar permissões do usuário,
"Clearing end date, as it cannot be in the past for published pages.","Apagar data de término, como não pode ser no passado para páginas publicadas.",
Click On Customize to add your first widget,Clique em Personalizar para adicionar seu primeiro widget,
Click here to post bugs and suggestions,Clique aqui para enviar erros e sugestões,
Click here to verify,Clique aqui para verificar,
Click on <b>Authorize Google Drive Access</b> to authorize Google Drive Access.,Clique em <b>Autorizar acesso</b> ao Google Drive para autorizar o <b>acesso</b> ao Google Drive.,
Click on a file to select it.,Clique em um arquivo para selecioná-lo.,
Click on the link below to approve the request,Clique no link abaixo para aprovar o pedido,
Click on the link below to complete your registration and set a new password,Clique no link abaixo para completar o seu registo e definir uma nova senha,
Click on the link below to download your data,Clique no link abaixo para baixar seus dados,
Click on the link below to verify your request,Clique no link abaixo para verificar sua solicitação,
Click on {0} to generate Refresh Token.,Clique em {0} para gerar o Token de Atualização.,
Click table to edit,Clique na tabela para editar,
Click to Set Dynamic Filters,Clique para definir filtros dinâmicos,
Click to Set Filters,Clique para definir filtros,
Clicked,Clicado,
Client,Cliente,
Client Code,Código do cliente,
Client Credentials,Credenciais no cliente,
Client ID,ID do Cliente,
Client Information,Informação ao cliente,
Client Script,Script de Cliente,
Client Secret,Segredo do cliente,
Client URLs,URLs do Cliente,
Close,Fechar,
Close Condition,Fechar Condição,
Closed,Fechado,
Code,Código,
Collapse,Colapso,
Collapse All,Recolher todos,
Collapsible,Desmontável,
Collapsible Depends On,Depende dobrável,
Color,Cor,
Column,Coluna,
Column <b>{0}</b> already exist.,Coluna <b>{0}</b> já existe.,
Column Break,Quebra de coluna,
Column Labels:,Rótulos de coluna:,
Column Name,Nome da coluna,
Column Name cannot be empty,Nome da coluna não pode estar em branco,
Column Width,Largura da coluna,
Columns,Colunas,
Columns / Fields,Colunas / Campos,
Columns based on,Colunas baseadas em,
Combination of Grant Type (<code>{0}</code>) and Response Type (<code>{1}</code>) not allowed,Combinação de Tipo de Subsídio ( <code>{0}</code> ) e Tipo de Resposta ( <code>{1}</code> ) não permitido,
Comment,Comentário,
Comment By,Comentário por,
Comment Email,Comentário Email,
Comment Type,Tipo de Comentário,
Comment can only be edited by the owner,O comentário só pode ser editado pelo proprietário,
Comments,Comentários,
Comments and Communications will be associated with this linked document,Comentários e comunicações serão associados com este documento relacionado,
Comments cannot have links or email addresses,Comentários não podem ter links ou endereços de e-mail,
Commit,Comprometer,
Common names and surnames are easy to guess.,Os nomes comuns e sobrenomes são fáceis de adivinhar.,
Communication,Comunicação,
Communication Link,Link de comunicação,
Communication Type,Tipo de comunicação,
Company,Empresa,
Company History,Histórico da Empresa,
Company Introduction,Introdução da Empresa,
Company Name,Nome da Empresa,
Compiled Successfully,Compilado com sucesso,
Complete,Concluído,
Complete By,Finalizar até,
Complete Registration,Registro Completo,
Complete Setup,Instalação Concluída,Finish the setup wizard
Completed,Concluído,
Component,Componente,
Compose Email,Escrever um email,
Condition,Condição,
Conditions,Condições,
Configure Chart,Configurar Gráfico,
Configure Columns,Configurar Colunas,
Confirm,Confirmar,
Confirm New Password,Confirme a nova senha,
Confirm Password,Confirmar Senha,
Confirm Request,Confirmar pedido,
Confirm Your Email,Confirme seu Email,
Confirmation Email Template,Modelo de email de confirmação,
Confirmed,Confirmado,
Connected to QZ Tray!,Conectado ao QZ Tray!,
Connection Success,Sucesso de conexão,
Connection lost. Some features might not work.,Conexão perdida. Alguns recursos podem não funcionar.,
Connections,Conexões,
Console,Console,
Console Log,Log do console,
Contact,Contato,
Contact Details,Detalhes do Contato,
Contact Email,Email de Contato,
Contact Numbers,Números de contato,
Contact Phone,telefone de contato,
Contact Synced with Google Contacts.,Contato sincronizado com os contatos do Google.,
Contact Us,Contato Us,
Contact Us Settings,Configurações do Fale Conosco,
"Contact options, like ""Sales Query, Support Query"" etc each on a new line or separated by commas.","Opções de contato, como ""Perguntas sobre Vendas, Perguntas de suporte"", etc cada uma em uma nova linha ou separadas por vírgulas.",
Contacts,Contatos,
Content,Conteúdo,
Content (HTML),Conteúdo (HTML),
Content (Markdown),Conteúdo (Markdown),
Content Hash,Hash do conteúdo,
Content Type,Tipo de Conteúdo,
Content type for building the page,Tipo de conteúdo para construir a página,
Context,Contexto,
Context Script,Script de Contexto,
Continue,Continuar,
Contributed,Contribuído,
Contribution Document Name,Nome do documento de contribuição,
Contribution Status,Status de contribuição,
Copied to clipboard.,Copiado para a área de transferência.,
Copy to Clipboard,Copiar para transferência,
Copyright,Direitos autorais,
Core,Principal,
Core DocTypes cannot be customized.,DocTypes principais não podem ser personalizados.,
Core Modules {0} cannot be searched in Global Search.,Os módulos principais {0} não podem ser pesquisados na Pesquisa Global.,
Could not connect to outgoing email server,Não foi possível conectar ao servidor de envio emails,
Could not find {0},Não foi possível encontrar {0},
Could not map column {0} to field {1},Não foi possível mapear a coluna {0} para o campo {1},
"Couldn't save, please check the data you have entered","Não foi possível salvar, verifique os dados inseridos",
Count,Contagem,
Count Customizations,Personalizações de contagem,
Count Filter,Filtro de contagem,
Counter,Contador,
Country,País,
Country Name,Nome do País,
County,Distrito,
Create,Criar,
Create Card,Criar cartão,
Create Chart,Criar gráfico,
Create Contacts from Incoming Emails,Criar contatos de e-mails recebidos,
Create Entry,Criar entrada,
Create Log,Criar log,
Create New,Criar Novo,
Create User Email,Criar e-mail de usuário,
Create a New Format,Criar um novo formato,
Create a new record,Crie um novo registro,
Create a new {0},Criar um(a) novo(a) {0},
Create your first {0},Crie seu primeiro {0},
Created,Criado,
Created By,Criado por,
Created Custom Field {0} in {1},Criado campo personalizado {0} em {1},
Created On,Criado em,
Creating {0},Criando {0},
Criticism,Crítica,
Criticize,Criticar,
Cron,Cron,
Cron Format,Formato Cron,
Crop,Colheita,
Ctrl + Down,Ctrl + Seta para baixo,
Ctrl + Up,Ctrl + Seta para cima,
Ctrl+Enter to add comment,Ctrl+Enter para adicionar comentário,
Currency,Moeda,
Currency Name,Nome da Moeda,
Currency Precision,Precisão de moeda,
Current,Atual,
Current status,Status atual,
Currently Viewing,Atualmente Exibindo,
Currently you have {0} review points,Atualmente você tem {0} pontos de revisão,
Custom,Personalizado,
Custom Base URL,URL Base Base,
Custom Block Name,Nome do bloco personalizado,
Custom Blocks,Blocos personalizados,
Custom CSS,CSS Personalizado,
Custom Configuration,Configuração Personalizada,
Custom DocPerm,DocPerm personalizado,
Custom Documents,Documentos Personalizados,
Custom Field,Campo Personalizado,
Custom Field {0} is created by the Administrator and can only be deleted through the Administrator account.,O campo personalizado {0} é criado pelo administrador e só pode ser excluído por meio da conta do administrador.,
Custom Fields can only be added to a standard DocType.,Campos personalizados só podem ser adicionados a um DocType padrão.,
Custom Fields cannot be added to core DocTypes.,Campos personalizados não podem ser adicionados aos principais DocTypes.,
Custom Format,Formato Personalizado,
Custom HTML,HTML Personalizado,
Custom HTML Help,Ajuda HTML Personalizado,
Custom Menu Items,Itens de Menu Personalizado,
Custom Options,Opções Personalizadas,
Custom Overrides,Substituições personalizadas,
Custom Report,Relatório Personalizado,
Custom Reports,Relatórios Personalizados,
Custom Role,Função Personalizada,
Custom SCSS,SCSS personalizado,
Custom Sidebar Menu,Menu de personalização da barra lateral,
Custom?,Personalizado?,
Customization,Personalização,
Customizations Reset,Redefinição de Personalizações,
Customizations for <b>{0}</b> exported to:<br>{1},Personalizações para <b>{0}</b> exportadas para: <br> {1},
Customize,Personalizar,
Customize Form,Personalizar Formulário,
Customize Form Field,Personalizar Campo de Formulário,
Cut,Cortar,
DESC,DESC,
DRAFT,Rascunho,
Daily,Diário,
Daily Event Digest is sent for Calendar Events where reminders are set.,O resumo de eventos diário é enviado para o Calendário de eventos onde os lembretes são definidos.,
Daily Events should finish on the Same Day.,Os eventos diários devem terminar no mesmo dia.,
Daily Long,Diário Longo,
Danger,Perigo,
Dark Color,Cor Escura,
Dashboard,Painel,
Dashboard Chart,Gráfico de Dashboard,
Dashboard Chart Field,Campo do Gráfico do Dashboard,
Dashboard Chart Link,Link do Gráfico de Dashboard,
Dashboard Chart Source,Origem do Gráfico de Dashboard,
Dashboard Manager,Dashboard Manager,
Dashboard Name,Nome do Dashboard,
Dashboard Settings,Configurações do Dashboard,
Dashboard View,Ver Dashboard,
Dashboards,Dashboards,
Data,Dados,
Data Export,Exportação de Dados,
Data Import,Importação de dados,
Data Import Template,Modelo de Importação de Dados,
Data Too Long,Dados muito longos,
Data missing in table,Falta de dados na tabela,
Database Engine,Engine do Banco de Dados,
Date,Data,
Date Format,Formato de Data,
Date and Number Format,Data e Formato de número,
Date {0} must be in format: {1},A data {0} deve estar no formato: {1},
Dates are often easy to guess.,Datas são frequentemente fáceis de adivinhar.,
Datetime,Data e Hora,
Day,Dia,
Day of Week,Dia da Semana,
Days After,Dias Após,
Days Before,Dias Antes,
Days Before or After,Dias Antes ou Após,
Dear,Caro,
"Dear System Manager,","Caro Administrador do Sistema,",
"Dear User,","Querido usuário,",
Dear {0},Caro {0},
Default,Padrão,
Default Address Template cannot be deleted,Template endereço padrão não pode ser excluído,
Default App,Aplicativo padrão,
Default Inbox,Caixa de Entrada Padrão,
Default Incoming,Padrão de Entrada,
Default Letter Head,Cabeçalho de Carta Padrão,
Default Outgoing,Outgoing Padrão,
Default Portal Home,Página inicial do portal padrão,
Default Print Format,Formato de impressão padrão,
Default Print Language,Idioma de impressão padrão,
Default Redirect URI,Padrão de redirecionamento URI,
Default Role at Time of Signup,Função padrão no momento da inscrição,
Default Sending,Padrão Envio,
Default Sending and Inbox,Padrão para Envio e Recebimento,
Default Sort Field,Campo de classificação padrão,
Default Sort Order,Ordem de classificação padrão,
Default Theme,Tema Padrão,
Default Value,Valor padrão,
Default Workspace,Workspace Padrão,
Default for 'Check' type of field {0} must be either '0' or '1',Padrão para &#39;Verificar&#39; o tipo de campo {0} deve ser &#39;0&#39; ou &#39;1&#39;,
Default value for {0} must be in the list of options.,O valor padrão para {0} deve estar na lista de opções.,
Default {0},Padrão {0},
"Default: ""Contact Us""","Padrão: ""Fale Conosco""",
DefaultValue,Valor padrão,
Defaults,Padrões,
Defines actions on states and the next step and allowed roles.,"Define ações em status, o próximo passo e as funções com permissão.",
Defines workflow states and rules for a document.,Define o status de fluxo de trabalho e regras para um documento.,
Delayed,Atrasado,
Delete,Excluir,
Delete All,Excluir tudo,
Delete Data,Excluir dados,
Delete and Generate New,Excluir e gerar novo,
Delete comment?,Excluir comentário?,
Delete this record to allow sending to this email address,Excluir este registro para permitir o envio para esse endereço de email,
Delete {0} items permanently?,Excluir {0} itens permanentemente?,Title of confirmation dialog
Deleted,Excluído(a),
Deleted DocType,DocType Excluído,
Deleted Document,Documento Excluído,
Deleted Name,Nome Excluído,
Deleted all documents successfully,Todos os documentos foram excluídos com sucesso,
Deleting {0},Excluindo {0},
Delivery Status,Status da Entrega,
Department,Departamento,
Depends On,Depende de,
Descendants Of,Descendentes De,
Description,Descrição,
"Description for listing page, in plain text, only a couple of lines. (max 200 characters)","Descrição da página de listagem, em texto simples, apenas algumas linhas. (máx. 200 caracteres)",
Designation,Designação,
Desk,Mesa,
Desk Access,Acesso ao Ambiente de Trabalho,
Desk Settings,Configurações do Desk,
Desktop Icon,Ícone da área de trabalho,
Desktop Icon already exists,Ícone da área de trabalho já existe,
Details,Detalhes,
Did not add,Não adicionado,
Did not remove,Não removido,
"Different ""States"" this document can exist in. Like ""Open"", ""Pending Approval"" etc.","""Status"" diferentes em que esse documento pode existir. Como ""Aberto"", ""Aprovação Pendente"", etc",
Digits,Dígitos,
Disable Auto Refresh,Desativar atualização automática,
Disable Automatic Recency Filters,Desativar filtros automáticos de recência,
Disable Comment Count,Desativar contagem de comentários,
Disable Comments,Desativar comentários,
Disable Count,Desativar Contagem,
Disable Report,Desativar Relatório,
Disable SMTP server authentication,Desativar autenticação do servidor SMTP,
Disable Sidebar Stats,Desativar Estatísticas da Barra Lateral,
Disable Signup for your site,Desativar inscrição para seu site,
Disable Standard Email Footer,Desativar Rodapé Padrão do Email,
Disabled,Desativado,
Disabled Auto Reply,Resposta automática desativada,
Discard,Descartar,Discard Email
Dismiss,Dispensar,
Display,exibição,
Display Depends On,Visualização depende,
Do not edit headers which are preset in the template,Não edite cabeçalhos que estejam predefinidos no modelo,
Do you want to cancel all linked documents?,Deseja cancelar todos os documentos vinculados?,
Doc Event,Evento de Doc,
Doc Events,Doc Eventos,
Doc Status,Status do Documento,
DocField,DocField,
DocPerm,DocPerm,
DocShare,DocShare,
DocType,DocType,
DocType <b>{0}</b> provided for the field <b>{1}</b> must have atleast one Link field,O DocType <b>{0}</b> fornecido para o campo <b>{1}</b> deve ter pelo menos um campo Link,
DocType Action,Ação DocType,
DocType Event,Evento DocType,
DocType Link,Link DocType,
DocType View,Visualização DocType,
DocType can not be merged,DocType não podem ser mescladas,
DocType can only be renamed by Administrator,DocType só pode ser renomeado pelo Administrador,
DocType is a Table / Form in the application.,DocType é uma Tabela / Form na aplicação.,
DocType must be Submittable for the selected Doc Event,DocType deve ser enviado para o Evento de Doc selecionado,
DocType on which this Workflow is applicable.,DocType em que este fluxo de trabalho é aplicável.,
DocType's name should not start or end with whitespace,O nome de DocType não deve começar ou terminar com um espaço em branco,
Doctype,Doctype,
Doctype required,Doctype obrigatório,
Document,Documento,
Document Actions,Ações do Documento,
Document Follow,Rastrear Documento,
Document Follow Notification,Notificação de Rastreamento do Documento,
Document Link,Link do Documento,
Document Links,Links de documentos,
Document Name,Nome do documento,
Document Naming Rule,Regra de Nomenclatura de Documento,
Document Naming Rule Condition,Condição de regra de nomenclatura de documento,
Document Queued,Documento em Fila de Espera,
Document Restoration Summary,Resumo de restauração de documento,
Document Restored,Documento Restaurado,
Document Share,Partilha de Documentos,
Document Share Report,Relatório de Documentos Compartilhados,
Document States,Documento Unidos,
Document Status,Status do Documento,
Document Tag,Etiqueta de Documento,
Document Title,Título do documento,
Document Type,tipo de documento,
Document Type is not importable,Tipo de documento não é importável,
Document Type is not submittable,O tipo de documento não é submittable,
Document Type to Track,Tipo de Documento a Seguir,
Document Type {0} has been repeated.,O tipo de documento {0} foi repetido.,
Document Types,Tipos de documento,
Document is in draft state,Documento em fluxo de emissão,
Document is only editable by users with role,O documento só pode ser editado por usuários com função,
Document renamed from {0} to {1},Documento renomeado de {0} para {1},
Document type is required to create a dashboard chart,O tipo de documento é necessário para criar um gráfico de dashboard,
Document {0} Already Restored,Documento {0} já restaurado,
Document {0} has been set to state {1} by {2},O documento {0} foi definido para declarar {1} por {2},
Documentation Link,Link da documentação,
Documentation URL,URL de documentação,
Documents,Documentos,
Documents restored successfully,Documentos restaurados com sucesso,
Documents that failed to restore,Documentos que não foram restaurados,
Documents that were already restored,Documentos que já foram restaurados,
Domain,Domínio,
Domain Settings,Configurações de Domínio,
Domains,Domínios,
Domains HTML,Domínios HTML,
"Don't HTML Encode HTML tags like &lt;script&gt; or just characters like &lt; or &gt;, as they could be intentionally used in this field","Não etiquetas HTML Encode HTML como &lt;script&gt; ou apenas caracteres como &lt;ou&gt;, uma vez que poderia ser usado intencionalmente neste campo",
Don't Import,Não importe,
Don't Override Status,Não Sobrescrever o Status,
Don't Send Emails,Não envie emails,
Done,Feito,
Donut,Rosquinha,
Download,Baixar,
Download Backups,Download de Backups,
Download Data,Download de dados,
Download Files Backup,Download de backup de arquivos,
Download Link,Baixar link,
Download Report,Relatório de download,
Download Template,Baixar Modelo,
Download Your Data,Baixe seus dados,
Draft,Rascunho,
Drag and drop files here or upload from,Arraste e solte os arquivos aqui ou carregue de uma das opções:,
Drag elements from the sidebar to add. Drag them back to trash.,Arraste os elementos da barra lateral para adicionálos. Arraste-os de volta para eliminar.,
Drop files here,Solte arquivos aqui,
Dropbox Access Token,Token de acesso Dropbox,
Dropbox Settings,Configurações Dropbox,
Dropbox Setup,Configuração do Dropbox,
Dropdowns,Dropdowns,
Due Date,Data de Vencimento,
Due Date Based On,Data de vencimento baseada em,
Duplicate,Duplicar,
Duplicate Filter Name,Nome do filtro duplicado,
Duplicate Name,Nome duplicado,
Duration,Duração,
Dynamic Filters,Filtros Dinâmicos,
Dynamic Filters JSON,Filtros dinâmicos JSON,
Dynamic Filters Section,Seção de Filtros Dinâmicos,
Dynamic Link,Link dinâmico,
Dynamic Report Filters,Filtros dinâmicos de relatórios,
Dynamic Route,Rota Dinâmica,
Dynamic Template,Modelo dinâmico,
ESC,ESC,
Edit,Editar,
Edit Auto Email Report Settings,Editar configurações de relatório automático de e-mail,
Edit Chart,Editar gráfico,
Edit Custom HTML,Editar HTML Personalizado,
Edit DocType,Editar DocType,
Edit Filter,Editar Filtro,
Edit Filters,Editar Filtros,
Edit Format,Editar Formato,
Edit HTML,Editar HTML,
Edit Heading,Editar Cabeçalho,
Edit Profile,Editar Perfil,
Edit Properties,Editar Propriedades,
Edit Shortcut,Editar atalho,
Edit Values,Editar Valores,
Edit to add content,Edite para adicionar conteúdo,
Edit {0},Edite {0},
Editable Grid,Grid Editável,
Editing Row,Editando Linha,
Eg. smsgateway.com/api/send_sms.cgi,Por exemplo: smsgateway.com / api / send_sms.cgi,
Email,Email,
Email Account,Conta de Email,
Email Account Name,Nome da Conta de Email,
Email Account added multiple times,Conta de email adicionada várias vezes,
Email Address,Endereço de Email,
Email Address whose Google Contacts are to be synced.,Endereço de e-mail cujos contatos do Google devem ser sincronizados.,
Email Addresses,Endereço de Email,
Email Domain,Domínio de Email,
Email Flag Queue,Flag Fila de Email,
Email Footer Address,Endereço no Rodapé do Email,
Email Group,Grupo de Email,
Email Group Member,Membro do Grupo de Emails,
Email ID,Email ID,
Email IDs,IDs de email,
Email Id,Email ID,
Email Inbox,Caixa de Entrada,
Email Queue,Fila de Emails,
Email Queue Recipient,Email Queue Destinatário,
Email Queue records.,Registros da Fila de Emails.,
Email Reply Help,Email Reply Help,
Email Rule,Regra de Email,
Email Sent,Email enviado,
Email Settings,Configurações de Email,
Email Signature,Assinatura de Email,
Email Status,Satus do Email,
Email Sync Option,Opção Sync Email,
Email Template,Modelo de email,
Email Threads on Assigned Document,Tópicos de e-mail sobre documento atribuído,
Email To,Email Para,
Email Unsubscribe,Cancelar inscrição de email,
Email has been marked as spam,O email foi marcado como spam,
Email has been moved to trash,O email foi movido para o lixo,
Email not sent to {0} (unsubscribed / disabled),Email não foi enviado para {0} (inscrição anulada / desativado),
Email not verified with {0},E-mail não verificado com {0},
Emails are muted,Emails são silenciados,
Emails will be sent with next possible workflow actions,Os e-mails serão enviados com as próximas ações de fluxo de trabalho possíveis,
Enable,Permitir,
Enable Allow Auto Repeat for the doctype {0} in Customize Form,Ativar Permitir repetição automática para o tipo de documento {0} em Personalizar formulário,
Enable Auto Reply,Ativar resposta automática,
Enable Automatic Backup,Ativar backup automático,
Enable Automatic Linking in Documents,Ativar Vinculação Automática em Documentos,
Enable Comments,Ativação de comentários,
Enable Email Notifications,Ativar notificações por email,
Enable Google API in Google Settings.,Ative a API do Google nas configurações do Google.,
Enable Incoming,Ativar Entrada,
Enable Onboarding,Habilitar Onboarding,
Enable Outgoing,Ativar Saída,
Enable Password Policy,Ativar política de senha,
Enable Print Server,Ativar servidor de impressão,
Enable Raw Printing,Ativar impressão bruta,
Enable Report,Ativar Relatório,
Enable Scheduled Jobs,Ativar Tarefas Agendadas,
Enable Security,Ativar segurança,
Enable Social Login,Ativar Login Social,
Enable Social Sharing,Ativar compartilhamento social,
Enable Tracking Page Views,Ativar rastreamento de visualizações de página,
Enable Two Factor Auth,Ativar dois fatores Auth,
Enable developer mode to create a standard Web Template,Habilite o modo de desenvolvedor para criar um modelo da Web padrão,
Enabled,Ativado,
Enabled email inbox for user {0},Caixa de entrada de e-mail ativada para o usuário {0},
Enabled scheduled execution for script {0},Execução programada ativada para o script {0},
End Date,Data Final,
End Date Field,Campo de data final,
End Date cannot be before Start Date!,A data de término não pode ser anterior à data de início!,
Endpoint URL,URL do endpoint,
Ends on,Termina em,
Energy Point,Ponto de energia,
Energy Point Log,Log de ponto de energia,
Energy Point Rule,Regra do ponto de energia,
Energy Point Settings,Configurações de ponto de energia,
Energy Point Update on {0},Atualização do Energy Point em {0},
Energy Points,Pontos de energia,
Enter Client Id and Client Secret in Google Settings.,Digite o ID do cliente e o segredo do cliente nas Configurações do Google.,
Enter Code displayed in OTP App.,Digite o código exibido no aplicativo OTP.,
Enter Email Recipient(s),Digite email do Destinatário(s),
Enter Form Type,Digite o Tipo de Formulário,
Enter Value,Insira o Valor,Title of prompt dialog
"Enter default value fields (keys) and values. If you add multiple values for a field, the first one will be picked. These defaults are also used to set ""match"" permission rules. To see list of fields, go to ""Customize Form"".","Insira campos de valor padrão (teclas) e valores. Se adicionar diversos valores para um campo, será escolhido o primeiro. Estes padrões também são utilizados para definir regras de permissão de ""correspondência. Para ver a lista de campos, vá a ""Personalizar Formulário"".",
Enter folder name,Digite o nome da pasta,
"Enter static url parameters here (Eg. sender=ERPNext, username=ERPNext, password=1234 etc.)","Digite os parâmetros da URL estática aqui (por exemplo remetente=ERPNext, usuario=ERPNext, senha=1234, etc)",
Enter url parameter for message,Digite o parâmetro da url para mensagem,
Enter url parameter for receiver nos,Digite o parâmetro da url para os números de receptores,
Enter your password,Digite sua senha,
Entity Name,Nome da entidade,
Entity Type,Tipo de entidade,
Equals,Igual,
Error,Erro,
Error Code: {0},Código do Erro: {0},
Error Log,Log de Erro,
Error Message,Mensagem de erro,
"Error connecting to QZ Tray Application...<br><br> You need to have QZ Tray application installed and running, to use the Raw Print feature.<br><br><a target=""_blank"" href=""https://qz.io/download/"">Click here to Download and install QZ Tray</a>.<br> <a target=""_blank"" href=""https://erpnext.com/docs/user/manual/en/setting-up/print/raw-printing"">Click here to learn more about Raw Printing</a>.","Erro ao conectar ao aplicativo da bandeja QZ ... <br><br> Você precisa ter o aplicativo QZ Tray instalado e em execução, para usar o recurso Raw Print. <br><br> <a href=""https://qz.io/download/"" target=""_blank"">Clique aqui para baixar e instalar a bandeja QZ</a> . <br> <a href=""https://erpnext.com/docs/user/manual/en/setting-up/print/raw-printing"" target=""_blank"">Clique aqui para saber mais sobre a impressão em bruto</a> .",
Error has occurred in {0},Ocorreu um erro em {0},
Error in Notification,Erro na notificação,
Error while connecting to email account {0},Erro ao conectar-se à conta de e-mail {0},
Error while evaluating Notification {0}. Please fix your template.,Erro ao avaliar a notificação {0}. Por favor corrija seu modelo.,
Error: Document has been modified after you have opened it,Erro: O documento foi modificado depois de aberto,
Error: Value missing for {0}: {1},Erro: Falta valor para {0}: {1},
Event,Evento,
Event Category,Categoria do Evento,
Event Participants,Participantes do Evento,
Event Reminders,Lembretes de eventos,
Event Synced with Google Calendar.,Evento sincronizado com o Google Agenda.,
Event Type,Tipo de Evento,
Events,Calendário,
Events in Today's Calendar,Eventos no calendário de hoje,
Everyone,Todos,
"Ex: ""colors"": [""#d1d8dd"", ""#ff5858""]","Ex: &quot;cores&quot;: [&quot;# d1d8dd&quot;, &quot;# ff5858&quot;]",
Example,Exemplo,
"Example: ""/desk""",Exemplo: &quot;/ desk&quot;,
Example: #Tree/Account,Exemplo: # árvore / conta,
Example: 00001,Exemplo: 00001,
Example: {{ subject }},Exemplo: {{subject}},
Excel,Excel,
Exception,Exceção,
Execute,Executar,
Execute Console script,Executar script de console,
Execution Time: {0} sec,Tempo de Execução: {0} seg,
Expand,Expandir,
Expand All,Expandir todos,
Expert,Especialista,
Expiration time,Data de validade,
Expire Notification On,Expiram Notificação Lig,
Expired,Expirado,
Expires In,Expira em,
Expires On,Expira Em,
Expiry time of QR Code Image Page,Tempo de expiração da página de imagem de código QR,
Export,Exportar,
Export 1 record,Exportar 1 registro,
Export Custom Permissions,Exportar Permissões Personalizadas,
Export Customizations,Exportar Personalizações,
Export Data,Exportar dados,
Export Errored Rows,Exportar linhas com erro,
Export From,Exportar de,
Export Report: {0},Relatório de exportação: {0},Export report
Export Type,Tipo de Exportação,
Export all matching rows?,Exportar todas as linhas?,
Export in Background,Enviar por e-mail,
Export not allowed. You need {0} role to export.,Exportação não é permitida. Você precisa da função {0} para exportar.,
Export {0} records,Exportar {0} registros,
Expose Recipients,Mostrar Destinatários,
"Expression, Optional","Expressão, Opcional",
Facebook,Facebook,
Fail,Falha,
Failed,Falhou,
Failed Transactions,Transações com falha,
Failed to change password.,Falha ao alterar a senha.,
Failed to complete setup,Falha ao concluir a configuração,
Failed to connect to server,Falha ao conectar-se ao servidor,
"Failed to decode token, please provide a valid base64-encoded token.","Falha ao decodificar o token, forneça um token codificado em base64 válido.",
Failure,Falha,
FavIcon,FavIcon,
Fax,Fax,
Featured,Destaque,
Feedback,Comentários,
Feedback Request,Solicitação de Feedback,
Female,Feminino,
Fetch From,Buscar de,
Fetch Images,Buscar imagens,
Fetch attached images from document,Buscar imagens anexadas do documento,
Fetching default Global Search documents.,Buscando documentos padrão da Pesquisa Global.,
Field,Campo,
"Field ""route"" is mandatory for Web Views",O campo &quot;rota&quot; é obrigatório para Web Views,
"Field ""value"" is mandatory. Please specify value to be updated","O campo ""valor"" é obrigatório. Por favor, especifique o valor a ser atualizado",
Field Description,Descrição do Campo,
Field Name,Nome do Campo,
Field To Check,Campo a verificar,
Field Type,Tipo de Campo,
"Field that represents the Workflow State of the transaction (if field is not present, a new hidden Custom Field will be created)","Campo que representa o status da transação no fluxo de trabalho (se o campo não estiver presente, um novo campo oculto personalizado será criado)",
Field to Track,Campo para rastrear,
Field type cannot be changed for {0},O tipo de campo não pode ser alterado para {0},
Field {0} not found.,Campo {0} não encontrado.,
Fieldname,Nome do Campo,
Fieldname is limited to 64 characters ({0}),Fieldname é limitado a 64 caracteres ({0}),
Fieldname not set for Custom Field,Fieldname não definida para campo personalizado,
Fieldname which will be the DocType for this link field.,Nome do campo que será o DocType para este campo link.,
Fieldname {0} cannot have special characters like {1},Fieldname {0} não pode ter caracteres especiais como {1},
Fieldname {0} conflicting with meta object,Nome do campo {0} em conflito com meta-objeto,
Fieldname {0} is restricted,O nome do campo {0} é restrito,
Fields,Campos,
Fields Multicheck,Campos Multicheck,
"Fields separated by comma (,) will be included in the ""Search By"" list of Search dialog box","Campos separados por vírgula (,) será incluído no &quot;Pesquisar por&quot; lista de caixa de diálogo Pesquisar",
Fieldtype,Tipo de Campo,
Fieldtype cannot be changed from {0} to {1} in row {2},FieldType não pode ser alterado a partir de {0} a {1} em linha {2},
File,Arquivo,
File '{0}' not found,Arquivo &#39;{0}&#39; não encontrado,
File Backup,Backup de arquivos,
File Information,Informações do arquivo,
File Manager,Gestor de Arquivos,
File Name,Nome do arquivo,
File Size,Tamanho do arquivo,
File Type,Tipo de arquivo,
File URL,URL do arquivo,
File backup is ready,O backup do arquivo está pronto,
File name cannot have {0},O nome do arquivo não pode ter {0},
File not attached,Arquivo não anexado,
File size exceeded the maximum allowed size of {0} MB,O tamanho do arquivo excedeu o tamanho máximo permitido de {0} MB,
File too big,Arquivo muito grande,
File {0} does not exist,Arquivo {0} não existe,
Files,Arquivos,
Filter,Filtrar,
Filter By,Filtrar por,
Filter Data,Filtrar dados,
Filter List,Lista de filtros,
Filter Meta,Filtrar Meta,
Filter Name,Nome do filtro,
Filter Values,Valores de filtro,
Filter must be a tuple or list (in a list),O filtro deve ser uma tupla ou lista (em uma lista),
"Filter must have 4 values (doctype, fieldname, operator, value): {0}","O filtro deve ter 4 valores (doctype, fieldname, operador, valor): {0}",
Filter...,Filtre...,
Filtered Records,Registros Filtrados,
"Filtered by ""{0}""",Filtrados por &quot;{0}&quot;,
Filters,Filtros,
Filters Configuration,Configuração de Filtros,
Filters Display,Exibição dos Filtros,
Filters JSON,Filtros JSON,
Filters Section,Seção de Filtros,
Filters applied for {0},Filtros aplicados para {0},
Filters saved,Filtros salvos,
"Filters will be accessible via <code>filters</code>. <br><br>Send output as <code>result = [result]</code>, or for old style <code>data = [columns], [result]</code>","Os filtros estarão acessíveis por meio de <code>filters</code> .<br><br> Envie a saída como <code>result = [result]</code> ou para <code>data = [columns], [result]</code> estilo antigo <code>data = [columns], [result]</code>",
Find {0} in {1},Localizar {0} em {1},
Finished,Acabado,
First,Primeiro,
First Name,Nome,
First Success Message,Primeira mensagem de sucesso,
First Transaction,Primeira Transação,
First data column must be blank.,Primeira coluna de dados deve estar em branco.,
First set the name and save the record.,"Primeiro, defina o nome e salve o registro.",
Flag,Bandeira,
Float,Float,
Float Precision,Precisão de Casas Decimais,
Fold,Dobrar,
Fold can not be at the end of the form,Fold não pode ser no final da forma,
Fold must come before a Section Break,Dobre deve vir antes de uma quebra de secção,
Folder,Pasta,
Folder name should not include '/' (slash),O nome da pasta não deve incluir &#39;/&#39; (slash),
Folder {0} is not empty,Pasta {0} não está vazio,
Follow,Segue,
Followed by,Seguido por,
Following fields are missing:,Seguintes campos estão faltando:,
Following fields have missing values:,Os campos a seguir estão em branco:,
Font,fonte,
Font Properties,Propriedades da fonte,
Font Size,Tamanho da Fonte,
Fonts,Fontes,
Footer,Rodapé,
Footer HTML,HTML de rodapé,
Footer Items,Itens do Rodapé,
Footer Logo,Logotipo do rodapé,
Footer Template,Modelo de rodapé,
Footer Template Values,Valores de modelo de rodapé,
Footer will display correctly only in PDF,Rodapé será exibido corretamente somente em PDF,
For DocType Link / DocType Action,Para DocType Link / DocType Action,
For Document Event,Para evento de documento,
For Document Type,Para o tipo de documento,
For Example: {} Open,Por exemplo: {} aberto,
For User,Para o Usuário,
For Value,Por valor,
"For comparison, use >5, <10 or =324. For ranges, use 5:10 (for values between 5 & 10).","Para comparação, use&gt; 5, &lt;10 ou = 324. Para intervalos, use 5:10 (para valores entre 5 e 10).",
For example if you cancel and amend INV004 it will become a new document INV004-1. This helps you to keep track of each amendment.,"Por exemplo, se você cancelar e corrigir o INV004, ele vai se tornar um novo documento chamado INV004-1. Isso ajuda você a manter o controle de cada alteração.",
"For example: If you want to include the document ID, use {0}","Por exemplo: Se você quiser incluir a ID do documento, use {0}",
For example: {} Open,Por exemplo: {} Abra,
"For help see <a href=""https://frappeframework.com/docs/user/en/guides/portal-development/web-forms"" target=""_blank"">Client Script API and Examples</a>","Para obter ajuda, consulte <a href=""https://frappeframework.com/docs/user/en/guides/portal-development/web-forms"" target=""_blank"">Client Script API e exemplos</a>",
"For more information, {0}.","Para mais informações, {0}.",
"For updating, you can update only selective columns.","Para a atualização, você pode atualizar colunas só seletivos.",
For {0} at level {1} in {2} in row {3},Por {0} a nível {1} em {2} na linha {3},
Force,Força,
Force Show,Forçar Exibição,
Force User to Reset Password,Forçar usuário a redefinir a senha,
Forgot Password?,Esqueceu a senha?,
Form Settings,Configurações de formulário,
Form URL-Encoded,Codificado em URL do formulário,
Format,Formato,
Format Data,Formato de dados,
Forward,Frente,
Forward To Email Address,Encaminhar para Email,
Fraction,Fração,
Fraction Units,Unidades Fracionadas,
Frappe,Frappe,
Frappe Framework,Frappe Framework,
Frappe page builder using components,Construtor de páginas Frappe usando componentes,
Frequency,Frequência,
Friday,Sexta-feira,
From,De,
From Date,Data De,
From Date Field,Do campo de data,
From Document Type,Do tipo de documento,
From Full Name,De nome completo,
From User,Do Usuário,
Full,Cheio,
Full Name,Nome Completo,
Full Page,Página completa,
Full Width,Largura completa,
Function,Função,
Function Based On,Função baseada em,
Fw: {0},Fw: {0},
GMail,Gmail,
Gantt,Gantt,
Gender,Sexo,
Genderqueer,Genderqueer,
General,Geral,
Generate Keys,Gerar Chaves,
Generate New Report,Gerar novo relatório,
Geo,Geo,
Geolocation,Geolocalização,
Get Alerts for Today,Obter Alertas para Hoje,
Get Contacts,Obter contatos,
Get Fields,Obter campos,
Get Items,Obter Itens,
Get notified when an email is received on any of the documents assigned to you.,Seja notificado quando um e-mail for recebido sobre qualquer um dos documentos atribuídos a você.,
Get your globally recognized avatar from Gravatar.com,Obtenha seu avatar globalmente reconhecido de Gravatar.com,
Git Branch,Git Branch,
GitHub,GitHub,
Github flavoured markdown syntax,Sintaxe de marcação com sabor de Github,
Give Review Points,Dê pontos de revisão,
Global Search DocType,DocType de pesquisa global,
Global Search Document Types Reset.,Redefinir tipos de documentos de pesquisa global.,
Global Search Settings,Configurações globais de pesquisa,
Global Shortcuts,Atalhos Globais,
Global Unsubscribe,Cancelar Inscrição Global,
Go,Ir,
Go Back,Volte,
Go to Notification Settings List,Lista de configurações de notificação,
Go to Page,Vá para página,
Go to Workspace,Ir para Workspace,
Go to next record,Vai para o próximo registro,
Go to previous record,Ir para o registro anterior,
Go to the document,Vá para o documento,
Go to {0},Vá para {0},
Go to {0} List,Ir para a {0} lista,
Go to {0} Page,Ir para {0} Página,
Goal,Meta,
Google,Google,
Google Analytics ID,ID do Google Analytics,
Google Calendar,Agenda do Google,
"Google Calendar - Could not create Calendar for {0}, error code {1}.","Google Agenda - Não foi possível criar a Agenda para {0}, código de erro {1}.",
"Google Calendar - Could not delete Event {0} from Google Calendar, error code {1}.","Google Agenda - Não foi possível excluir o Evento {0} do Google Agenda, código de erro {1}.",
"Google Calendar - Could not fetch event from Google Calendar, error code {0}.","Google Agenda - Não foi possível buscar o evento no Google Agenda, código de erro {0}.",
"Google Calendar - Could not insert contact in Google Contacts {0}, error code {1}.","Google Agenda - Não foi possível inserir o contato nos Contatos do Google {0}, código de erro {1}.",
"Google Calendar - Could not insert event in Google Calendar {0}, error code {1}.","Google Agenda - Não foi possível inserir o evento no Google Agenda {0}, código de erro {1}.",
"Google Calendar - Could not update Event {0} in Google Calendar, error code {1}.","Google Agenda - Não foi possível atualizar o Evento {0} no Google Agenda, código de erro {1}.",
Google Calendar Event ID,ID do evento do Google Agenda,
Google Calendar ID,ID da Agenda do Google,
Google Calendar has been configured.,O Google Agenda foi configurado.,
Google Contacts,Contatos do Google,
"Google Contacts - Could not sync contacts from Google Contacts {0}, error code {1}.","Contatos do Google - Não foi possível sincronizar contatos dos Contatos do Google {0}, código de erro {1}.",
"Google Contacts - Could not update contact in Google Contacts {0}, error code {1}.","Contatos do Google - Não foi possível atualizar o contato nos Contatos do Google {0}, código de erro {1}.",
Google Contacts Id,ID de contatos do Google,
Google Drive,Google Drive,
Google Drive - Could not create folder in Google Drive - Error Code {0},Google Drive - Não foi possível criar a pasta no Google Drive - Código de erro {0},
Google Drive - Could not find folder in Google Drive - Error Code {0},Google Drive - Não foi possível encontrar a pasta no Google Drive - Código de erro {0},
Google Drive - Could not locate - {0},Google Drive - Não foi possível localizar - {0},
Google Drive Backup Successful.,Backup do Google Drive bem-sucedido.,
Google Font,Google Font,
Google Settings,Configurações do Google,
Google Sheets URL is invalid or not publicly accessible.,O URL do Planilhas Google é inválido ou não está acessível publicamente.,
"Google Sheets URL must end with ""gid={number}"". Copy and paste the URL from the browser address bar and try again.",O URL do Planilhas Google deve terminar com &quot;gid = {número}&quot;. Copie e cole o URL da barra de endereço do navegador e tente novamente.,
Google Snippet Preview,Visualização de snippet do Google,
Grant Type,Tipo Grant,
Greater Than,Maior que,
Greater Than Or Equal To,Maior ou igual a,
Green,Verde,
Group,Grupo,
Group By,Agrupar por,
Group By Based On,Agrupar por Com base em,
Group By Type,Agrupar por tipo,
Group By field is required to create a dashboard chart,O campo Agrupar por é necessário para criar um gráfico de dashboard,
HH:mm,HH: mm,
HH:mm:ss,HH: mm: ss,
HTML,HTML,
HTML Editor,Editor de HTML,
HTML Page,Página HTML,
HTML for header section. Optional,HTML para a seção de cabeçalho. opcional,
HTML with jinja support,HTML com suporte jinja,
Half,Metade,
Half Day,Meio Período,
Half Yearly,Semestrais,
Half-yearly,Semestralmente,
Has  Attachment,possui anexo,
Has Attachments,Tem anexos,
Has Domain,Tem domínio,
Has Role,Tem Função,
Has Web View,Tem Web View,
Have an account? Login,Possui cadastro? Entre,
Header,Cabeçalho,
Header HTML,HTML de cabeçalho,
Header HTML set from attachment {0},Conjunto HTML de cabeçalho do anexo {0},
Header and Breadcrumbs,Cabeçalho e breadcrumbs,
Headers,Cabeçalhos,
Heading,Título,
Heatmap,Mapa de calor,
Help,Ajuda,
Help Article,Artigo de Ajuda,
Help Articles,Artigo de Ajuda,
Help Category,Categoria de Ajuda,
Help Dropdown,Ajuda suspensa,
Help HTML,Ajuda HTML,
Help on Search,Ajuda na Pesquisa,
Helvetica,Helvetica,
Hi {0},Oi {0},
Hidden,Escondido,
Hide,ocultar,
Hide Block,Esconder o Bloco,
Hide Border,Ocultar borda,
Hide CTA,Ocultar CTA,
Hide Copy,Ocultar Cópia,
Hide Custom DocTypes and Reports,Ocultar tipos de documentos e relatórios personalizados,
Hide Days,Ocultar dias,
Hide Login,Ocultar login,
Hide Seconds,Ocultar segundos,
Hide Standard Menu,Esconder Menu Padrão,
Hide Weekends,Ocultar finais de semana,
Hide details,Ocultar Detalhes,
Hide footer in auto email reports,Ocultar o rodapé nos relatórios de e-mail automático,
High,Alto,
Higher priority rule will be applied first,Regra de prioridade mais alta será aplicada primeiro,
Highlight,Realçar,
"Hint: Include symbols, numbers and capital letters in the password","Dica: Inclua símbolos, números e letras maiúsculas na senha",
Home,Início,
Home Page,Pagina inicial,
Home Settings,Configurações iniciais,
Home/Test Folder 1,Início / Teste pasta 1,
Home/Test Folder 1/Test Folder 3,Pasta Principal / Teste 1 / Teste Pasta 3,
Home/Test Folder 2,Início / Teste pasta 2,
Hourly,De hora em hora,
Hourly Long,Por hora,
Hourly rate limit for generating password reset links,Limite de taxa por hora para gerar links de redefinição de senha,
"How should this currency be formatted? If not set, will use system defaults","Como essa moeda deve ser formatada? Se não for definido, serão usados os padrões do sistema",
ID,ID,D
ID (name) of the entity whose property is to be set,ID (nome) da entidade cuja propriedade é para ser definida,
IP Address,Endereço de IP,
Icon,Ícone,
Icon will appear on the button,O ícone aparecerá no botão,
Identity Details,Detalhes da identidade,
Idx,Idx,
"If Apply Strict User Permission is checked and User Permission is defined for a DocType for a User, then all the documents where value of the link is blank, will not be shown to that User","Se a opção Aplicar permissão de usuário estrito estiver marcada e a permissão de usuário for definida para um DocType para um usuário, todos os documentos onde o valor do link estiver em branco não serão exibidos para esse usuário",
If Checked workflow status will not override status in list view,Uma vez selecionado o status do fluxo de trabalho não sobrescreverá o status do documentos na visualização da lista,
If Owner,Se proprietário,
"If a Role does not have access at Level 0, then higher levels are meaningless.","Se uma função não tem acesso no nível 0, então os níveis mais altos são irrelevantes.",
"If checked, all other workflows become inactive.","Se marcada, todos os outros fluxos de trabalho tornam-se inativos.",
"If checked, users will not see the Confirm Access dialog.","Se selecionada, s usuáários não verão a janela Confirmar Accesso.",
"If disabled, this role will be removed from all users.",Se esta função for desativada será removida em todos os usuários.,
"If enabled,  user can login from any IP Address using Two Factor Auth, this can also be set for all users in System Settings","Se ativado, o usuário pode efetuar login a partir de qualquer endereço IP usando a autenticação de dois fatores, isso também pode ser definido para todos os usuários nas configurações do sistema",
"If enabled, all users can login from any IP Address using Two Factor Auth. This can also be set only for specific user(s) in User Page","Se ativado, todos os usuários podem efetuar login a partir de qualquer endereço IP usando a autenticação de dois fatores. Isso também pode ser definido apenas para usuários específicos na página do usuário",
"If enabled, changes to the document are tracked and shown in timeline","Se ativado, as alterações no documento são rastreadas e mostradas na linha do tempo",
"If enabled, document views are tracked, this can happen multiple times","Se ativado, as visualizações de documentos são rastreadas, isso pode acontecer várias vezes",
"If enabled, the document is marked as seen, the first time a user opens it","Se ativado, o documento é marcado como visto, a primeira vez que um usuário o abre",
"If enabled, the notification will show up in the notifications dropdown on the top right corner of the navigation bar.","Se ativada, a notificação aparecerá na lista suspensa de notificações no canto superior direito da barra de navegação.",
"If enabled, the password strength will be enforced based on the Minimum Password Score value. A value of 2 being medium strong and 4 being very strong.","Se ativado, a força da senha será aplicada com base no valor Minimum Password Score. Um valor de 2 sendo médio forte e 4 sendo muito forte.",
"If enabled, users who login from Restricted IP Address, won't be prompted for Two Factor Auth","Se ativado, os usuários que fizerem login a partir do Endereço IP restrito não serão solicitados para autenticação de dois fatores",
"If enabled, users will be notified every time they login. If not enabled, users will only be notified once.","Se ativado, os usuários serão notificados sempre que iniciarem sessão. Se não estiver ativado, os usuários só serão notificados uma vez.",
"If left empty, the default workspace will be the last visited workspace","Se deixado em branco, o espaço de trabalho padrão será o último espaço de trabalho visitado",
If non standard port (e.g. 587),"Se não for a porta padrão (por exemplo, 587)",
"If non standard port (e.g. 587). If on Google Cloud, try port 2525.","Se não porta padrão (por exemplo, 587). Se no Google Cloud, tente a porta 2525.",
"If non-standard port (e.g. POP3: 995/110, IMAP: 993/143)","Se porta não padrão (por exemplo, POP3: 995/110, IMAP: 993/143)",
"If not set, the currency precision will depend on number format","Se não for definido, a precisão da moeda dependerá do formato de número",
"If the user has any role checked, then the user becomes a ""System User"". ""System User"" has access to the desktop","Se o usuário tiver alguma função selecionada, então o usuário torna-se um ""Usuário do Sistema"". Um ""Usuário do Sistema"" tem acesso à área de trabalho",
"If these instructions where not helpful, please add in your suggestions on GitHub Issues.","Se estas instruções não forem úteis, dê sua sugestão no GitHub.",
If user is the owner,Se o usuário é o proprietário,
"If you are updating, please select ""Overwrite"" else existing rows will not be deleted.","Se você estiver atualizando, por favor selecione ""Substituir"" linhas outra existentes não serão excluídos.",
"If you are uploading new records, ""Naming Series"" becomes mandatory, if present.","Se você estiver fazendo upload de novos registros, a coluna ""Naming Series"" torna-se obrigatória, se presente.",
"If you are uploading new records, leave the ""name"" (ID) column blank.","Se você estiver fazendo upload de novos registros, deixe a coluna ""name"" (ID) em branco.",
"If you set this, this Item will come in a drop-down under the selected parent.","Se você definir isso, este item virá em um drop-down sob o pai selecionado .",
"If you think this is unauthorized, please change the Administrator password.","Se você acha que isso não é autorizado, por favor mude a senha do administrador.",
"If your data is in HTML, please copy paste the exact HTML code with the tags.","Se os dados estiverem em HTML, por favor, copie e cole o código HTML exato com as tags.",
Ignore User Permissions,Ignorar permissões de usuári,
Ignore XSS Filter,Ignorar Filtro XSS,
Ignore attachments over this size,Ignorar anexos maiores que este tamanho,
Ignored Apps,Aplicativos ignorados,
Illegal Access Token. Please try again,"Ilegal acesso token. Por favor, tente novamente",
Illegal Document Status for {0},Status ilegal do documento para {0},
Illegal SQL Query,Consulta SQL ilegal,
Image,Imagem,
Image Field,Campo de Imagem,
Image Link,Link da Imagem,
Image View,Visualização de Imagem,
Image field must be a valid fieldname,Campo de imagem deve ser um nome de campo válido,
Image field must be of type Attach Image,Campo de imagem deve ser do tipo Anexar Imagem,
Images,Imagens,
Implicit,Implícito,
Import,Importar,
Import Email From,Importar Email do,
Import File,Importar arquivo,
Import File Errors and Warnings,Erros e avisos de importação de arquivos,
Import Log,Log de Importação,
Import Log Preview,Visualização do registro de importação,
Import Preview,Visualização de importação,
Import Progress,Progresso da importação,
Import Subscribers,Importar Inscritos,
Import Type,Tipo de Importação,
Import Warnings,Avisos de importação,
Import Zip,Importar Zip,
Import from Google Sheets,Importar do Planilhas Google,
"Import template should be of type .csv, .xlsx or .xls","O modelo de importação deve ser do tipo .csv, .xlsx ou .xls",
Import template should contain a Header and atleast one row.,"O modelo de importação deve conter um cabeçalho e, pelo menos, uma linha.",
Importing {0} of {1},Importando {0} de {1},
"Importing {0} of {1}, {2}","Importando {0} de {1}, {2}",
In,Em,
In Days,Em dias,
In Filter,No Filtro da Lista,
In Global Search,Na Busca Global,
In Grid View,Na Visualização do Grid,
In List View,Mostrar na Visualização da Lista,
In Preview,Na pré-visualização,
In Progress,Em andamento,
In Reply To,Em resposta a,
In Standard Filter,Em Filtro Padrão,
In points. Default is 9.,Em pontos. O padrão é 9.,
In seconds,Em segundos,
Inactive,Inativo,
Inbox,Caixa de Entrada,
Inbox User,Usuário da caixa de entrada,
Include Search in Top Bar,Incluem a busca no Top Bar,
Include Theme from Apps,Incluir tema de aplicativos,
Include Web View Link in Email,Enviar link no email para visualizar o documento online,
Include indentation,Incluir recuo,
"Include symbols, numbers and capital letters in the password","Inclua símbolos, números e letras maiúsculas na senha",
Incoming email account not correct,A conta de e-mail recebida não é correta,
Incomplete login details,Detalhes de login incompletos,
Incorrect Configuration,Configuração Incorreta,
Incorrect URL,URL incorreto,
Incorrect User or Password,Usuário ou Senha Incorreta,
Incorrect Verification code,Código de verificação incorreto,
Index,Índice,
Index Web Pages for Search,Índice de páginas da web para pesquisa,
Indicator,Indicador,
Info,Informações,
Info:,Info:,
Initial Sync Count,Contagem de sincronização inicial,
InnoDB,InnoDB,
Insert,Inserir,
Insert Above,Inserir Acima,
Insert After,Inserir Após,
Insert After cannot be set as {0},Depois de inserir não pode ser definido como {0},
"Insert After field '{0}' mentioned in Custom Field '{1}', with label '{2}', does not exist","O campo Inserir Depois '{0}' mencionado no Campo Personalizado '{1}', com rótulo '{2}', não existe",
Insert Below,Inserir Abaixo,
Insert Column Before {0},Inserir coluna antes de {0},
Insert New Records,Inserir novos registros,
Insert Style,Inserir Estilo,
Installed Application,Aplicativo Instalado,
Installed Applications,Aplicativos Instalados,
Instructions,Instruções,
Instructions Emailed,Instruções Emailed,
Insufficient Permission for {0},Permissão insuficiente para {0},
Int,Inteiro,
Integration Request,Pedido de Integração,
Integrations,Integrações,
Integrations can use this field to set email delivery status,Integrações pode usar este campo para definir o status de entrega de email,
Interests,Juros,
Intermediate,Intermediário,
Internal Server Error,Erro do Servidor Interno,
Internal record of document shares,Registro interno de ações de documentos,
Introduce your company to the website visitor.,Apresente sua empresa para o visitante do site.,
Introduction,Introdução,
Introductory information for the Contact Us Page,Informação introdutória para a página Fale Conosco,
Invalid,Inválido,
"Invalid ""depends_on"" expression",Expressão &quot;dependente&quot; dependente inválida,
"Invalid ""depends_on"" expression set in filter {0}",Expressão &quot;depends_on&quot; inválida definida no filtro {0},
Invalid CSV Format,Formato inválido de CSV,
Invalid Credentials,Credenciais inválidas,
Invalid Date,Data inválida,
Invalid Filter Value,Valor de filtro inválido,
Invalid Home Page,Inválido Página Inicial,
Invalid Link,Fazer a ligação inválido,
Invalid Login Token,Inválido símbolo de logon,
Invalid Login. Try again.,Login inválido. Tente novamente.,
Invalid Mail Server. Please rectify and try again.,"Mail Server inválido . Por favor, corrigir e tentar novamente.",
Invalid Option,Opção Inválida,
Invalid Output Format,Formato de saída inválido,
Invalid Password,senha inválida,
Invalid Request,Requisição Inválida,
Invalid Search Field {0},Campo de pesquisa inválido {0},
Invalid URL,URL inválida,
Invalid User Name or Support Password. Please rectify and try again.,"Nome de usuário ou senha inválidos. Por favor, corrigir e tentar novamente.",
Invalid column,Coluna inválida,
Invalid expression set in filter {0},Expressão inválida definida no filtro {0},
Invalid expression set in filter {0} ({1}),Expressão inválida definida no filtro {0} ({1}),
Invalid field name {0},Nome do campo inválido {0},
Invalid fieldname '{0}' in autoname,nome do campo inválido '{0}' em autoname,
Invalid file path: {0},Caminho de arquivo inválido: {0},
Invalid filter: {0},Filtro inválido: {0},
Invalid include path,Caminho de inclusão inválido,
Invalid json added in the custom options: {0},JSON inválido adicionado nas opções personalizadas: {0},
Invalid or corrupted content for import,Conteúdo inválido ou corrompido para importação,
Invalid template file for import,Arquivo de modelo inválido para importação,
Invalid username or password,nome de usuário ou senha inválidos,
Invalid {0} condition,Condição inválida {0},
Inverse,Inverso,
Invite as User,Convidar Como Usuário,
Is,É,
Is Active,É Ativo,
Is Attachments Folder,É Pasta de Anexos,
Is Child Table,É Tabela Filho,
Is Complete,Está completo,
Is Completed,Está completo,
Is Custom Field,É campo personalizado,
Is Default,É Padrão,
Is Folder,É Pasta,
Is Global,É global,
Is Hidden,Escondido,
Is Home Folder,É Home Folder,
Is Mandatory Field,É campo obrigatório,
Is Optional State,É estado opcional,
Is Primary,É primário,
Is Primary Contact,É o contato principal,
Is Primary Mobile,É o celular principal,
Is Primary Phone,É o telefone principal,
Is Private,É privada,
Is Public,É público,
Is Published Field,É Publicado campo,
Is Published Field must be a valid fieldname,É Publicado O campo deve ser um nome do campo válido,
Is Single,É Único,
Is Skipped,É pulado,
Is Spam,é Spam,
Is Standard,É Padrão,
Is Submittable,Pode ser Enviado,
Is Table,É Tabela,
Is Tree,É árvore,
Is Unique,É único,
It is risky to delete this file: {0}. Please contact your System Manager.,É arriscado excluir este arquivo: {0}. Entre em contato com o administrador do sistema.,
Item Label,Etiqueta do item,
Item Type,Tipo de item,
Item cannot be added to its own descendants,O artigo não pode ser acrescentado para os seus próprios descendentes,
JS,JS,
JSON,JSON,
JSON Request Body,Corpo da solicitação JSON,
JavaScript,Javascript,
JavaScript Format: frappe.query_reports['REPORTNAME'] = {},Formato JavaScript: frappe.query_reports [' REPORTNAME '] = {},
Javascript,Javascript,
Javascript is disabled on your browser,Javascript está desativado em seu navegador,
Jinja,Jinja,
Jump to field,Ir para o campo,
Kanban,Kanban,
Kanban Board,Painel Kanban,
Kanban Board Column,Coluna do Painel Kanban,
Kanban Board Name,Nome do Painel Kanban,
Kanban Settings,Kanban Configurações,Button in kanban view menu
Kanban View,Ver Kanban,
Keep track of all update feeds,Acompanhe todos os feeds de atualização,
Keeps track of all communications,Mantém o controle de todas as comunicações,
Key,Chave,
Keyboard Shortcuts,Atalhos do teclado,
Knowledge Base,Base de Conhecimento,
Knowledge Base Contributor,Colaborador da Base de Conhecimento,
Knowledge Base Editor,Editor da Base de Conhecimento,
LDAP Email Field,Campo do Email LDAP,
LDAP First Name Field,Campo Primeiro Nome do LDAP,
LDAP Group,Grupo LDAP,
LDAP Group Field,Campo do Grupo LDAP,
LDAP Group Mapping,Mapeamento do Grupo LDAP,
LDAP Group Mappings,Mapeamentos de grupo LDAP,
LDAP Last Name Field,Campo Sobrenome LDAP,
LDAP Middle Name Field,Campo de nome do meio LDAP,
LDAP Mobile Field,Campo Móvel LDAP,
LDAP Not Installed,LDAP não instalado,
LDAP Phone Field,Campo de telefone LDAP,
LDAP Search String,Palavra de Busca do LDAP,
LDAP Security,Segurança LDAP,
LDAP Server Url,Servidor LDAP Url,
LDAP Settings,Configurações LDAP,
LDAP User Creation and Mapping,Criação e Mapeamento de Usuários LDAP,
LDAP Username Field,Campo Nome de Usuário do LDAP,
LDAP is not enabled.,O LDAP não está ativado.,
Label,Rótulo,
Label Help,Ajuda sobre Etiquetas,
Label and Type,Etiqueta e Tipo,
Label is mandatory,Etiqueta é obrigatório,
Landing Page,Página de chegada,
Landscape,Panorama,
Language,Idioma,
Language Code,Código do Idioma,
Language Name,Nome do Idioma,
Last,Último,
Last 6 Months,Último 6 Months,
Last 7 Days,Últimos 7 dias,
Last Active,Ativo pela última vez,
Last Backup On,Último backup ativado,
Last Execution,Última Execução,
Last IP,Último IP,
Last Known Versions,Últimas versões conhecidas,
Last Login,Último Login,
Last Modified Date,Última Data Modificada,
Last Modified On,Última Alteração em,
Last Month,Mês passado,
Last Name,Sobrenome,
Last Password Reset Date,Data da última redefinição de senha,
Last Point Allocation Date,Última data de alocação de ponto,
Last Quarter,Ultimo quarto,
Last Sync On,Última sincronização em,
Last Synced On,Última sincronização em,
Last Updated By,Última atualização por,
Last Updated On,Última atualização em,
Last User,Último usuário,
Last Week,Semana passada,
Last Year,Ano passado,
Last synced {0},Última sincronização {0},
Leaderboard,Placar,
Leave blank to repeat always,Deixe em branco para repetir sempre,
Leave this conversation,Deixar essa conversa,
Ledger,Livro Razão,
Left,Saiu,
Left this conversation,Deixou esta conversa,
Length,Comprimento,
Length of {0} should be between 1 and 1000,Comprimento de {0} deve ser entre 1 e 1000,
Less,Menos,
Less Than,Menor que,
Less Than Or Equal To,Menor ou igual a,
Let's Get Started,Vamos começar,
Let's avoid repeated words and characters,Vamos evitar palavras e caracteres repetidos,
Let's take you back to onboarding,Vamos levá-lo de volta à integração,
Letter,Carta,
Letter Head,Cabeçalho de Carta,
Letter Head Based On,Carta de cabeça com base em,
Letter Head Image,Carta cabeça imagem,
Letter Head Name,Nome do timbrado,
Letter Head in HTML,Cabeça Carta em HTML,
Level,Nível,
"Level 0 is for document level permissions, higher levels for field level permissions.","O nível 0 é para permissões de nível de documento, níveis mais altos para permissões de nível de campo.",
Level Name,Nome do nível,
Library,Histórico,
License,Licença,
Light Color,Cor clara,
Like,Curtir,
Liked,Gostou,
Liked By,Gostou por,
Likes,Gostos,
Limit,Limite,
Limit Number of DB Backups,Número limite de backups de banco de dados,
Line,Linha,
Link,Link,
Link Cards,Cartões de ligação,
Link DocType,Relacionar ao DocType,
Link Document Type,Tipo de Documento de Link,
Link Expired,Link expirado,
Link Fieldname,Nome do campo do link,
Link Name,Nome do Link,
Link Title,Título do Link,
Link To,Link para,
Link to the page you want to open. Leave blank if you want to make it a group parent.,Link para a página que você deseja abrir. Deixe em branco se você quiser torná-lo um pai grupo.,
Linked,Relacionado,
Linked Documents,Documentos vinculados,
Linked With,Relacionado com,
Linked with {0},Ligado com {0},
Links,Links,
List,Lista,
List Filter,Filtro de lista,
List Settings,Configurações da lista,
List View,Ver Listagem,
List View Settings,Configurações de visualização de lista,
List a document type,Lista de um tipo de documento,
"List as [{""label"": _(""Jobs""), ""route"":""jobs""}]","Lista como [{ &quot;label&quot;: _ ( &quot;Jobs&quot;), &quot;route&quot;: &quot;empregos&quot;}]",
List of patches executed,Lista de correções executado,
Load Balancing,Balanceamento de carga,
Load More,Carregue mais,
Loading,Carregando,
Loading Filters...,Carregando filtros ...,
Loading import file...,Carregando arquivo de importação ...,
Loading...,Carregando...,
Location,Localização,
Log,Registo,
Log Data,Dados de log,
Log Setting User,Usuário de configuração de log,
Log Settings,Configurações de registro,
Log in to access this page.,Faça login para acessar esta página.,
Logged Out,Deslogado,
Login,Entrar,
Login After,Login após,
Login Before,Login antes,
Login Id is required,ID de login é necessária,
Login Verification Code from {},Código de verificação de login de {},
Login and view in Browser,Faça login e visualize no navegador,
Login not allowed at this time,Entrada não permitida neste momento,
"Login session expired, refresh page to retry","A sessão de login expirou, atualize a página para tentar novamente",
Login to comment,Faça login para comentar,
Login to {0},Entrar no OneSurety,
Login token required,É necessário o token de login,
Login with LDAP,Logar com LDAP,
Logout,Sair,
Logout All Sessions,Sair de todas as sessões,
Logout All Sessions on Password Reset,Sair de todas as sessões ao redefinir a senha,
Logout From All Devices After Changing Password,Saia de todos os dispositivos após alterar a senha,
Long Text,Texto Longo,
Looks like you didn't change the value,Parece que você não alterou o valor,
Low,Baixo,
Madam,Senhora,
Main Section,Seção Principal,
Main Section (HTML),Seção Principal (HTML),
Main Section (Markdown),Seção Principal (Remarcação),
Maintenance Manager,Gerente de Manutenção,
Maintenance User,Usuário da Manutenção,
"Make ""name"" searchable in Global Search","Tornar ""nome"" pesquisável na Busca Global",
Make use of longer keyboard patterns,Use uma combinação de letras e números mais longa,
Make {0},Faça {0},
Makes the page public,Torna a página pública,
Male,Masculino,
Mandatory,Obrigatório,
Mandatory Depends On,Obrigatório Depende,
Mandatory Information missing:,Informações obrigatórias ausente:,
Mandatory field: set role for,Campo obrigatório: definir a função para,
Mandatory field: {0},Campo obrigatório: {0},
"Mandatory fields required in table {0}, Row {1}","Os campos obrigatórios exigidos na tabela {0}, linha {1}",
Mandatory fields required in {0},Os campos obrigatórios exigidos no {0},
Mandatory:,Obrigatório:,
Map Columns,Colunas do mapa,
Map columns from {0} to fields in {1},Mapeie colunas de {0} para campos em {1},
Map route parameters into form variables. Example <code>/project/&lt;name&gt;</code>,Mapeie os parâmetros da rota em variáveis de formulário. Exemplo <code>/project/&lt;name&gt;</code>,
Mapping column {0} to field {1},Mapeando a coluna {0} para o campo {1},
Mark all as read,Mark all as read,
Mark as Read,Marcar como lido,
Mark as Spam,Marcar como spam,
Mark as Unread,Marcar como não lido,
Markdown,Desconto,
Markdown Editor,Editor de Markdown,
Marked As Spam,Marcado como spam,
Master,Cadastro,
Max 500 records at a time,Máximo de  500 registros por vez,
Max Attachments,Máx. de Anexos,
Max Length,Comprimento máximo,
Max Value,Max Valor,
Max width for type Currency is 100px in row {0},Largura máxima para o tipo de moeda é 100px na linha {0},
Maximum,Máximo,
Maximum Number of Fields,Número Máximo de Campos,
Maximum Points,Pontos Máximos,
Maximum {0} rows allowed,Máximo de {0} linhas permitido,
Me,Eu,
"Meaning of Submit, Cancel, Amend","Significado de Enviar, Cancelar, Corrigir",
Medium,Médio,
Meeting,Reunião,
Mention,Menção,
Mentions,Menções,
Menu,Menu,
Merge with existing,Mesclar com existente,
Merging is only possible between Group-to-Group or Leaf Node-to-Leaf Node,A fusão só é possível entre o grupos,
Message,mensagem,
Message (HTML),Mensagem (HTML),
Message (Markdown),Mensagem (Markdown),
Message Examples,Exemplos de Mensagens,
Message ID,ID da Mensagem,
Message Parameter,Parâmetro da mensagem,
Message Sent,Mensagem Enviada,
Message clipped,Mensagem cortada,
Message from server: {0},Mensagem do servidor: {0},
Message not setup,Mensagem não configurada,
Message-id,Message-id,
Meta Description,Meta Descrição,
Meta Image,Meta Imagem,
Meta Tags,Meta Tags,
Meta Title,Meta Título,
Meta title for SEO,Meta título para SEO,
Method,Método,
Method Not Allowed,Método não permitido,
Middle Name,Nome do Meio,
Milestone,Milestone,
Milestone Tracker,Milestone Tracker,
Minimum,Mínimo,
Minimum Password Score,Score Mínimo de Senha,
Miss,Senhorita,
Missing Fields,Campos ausentes,
Missing Values Required,Faltando valores obrigatórios,
Mobile,Mobile,
Mobile No,Telefone Celular,
Modified By,Modificado por,
Module,Módulo,
Module Def,Def. Módulo,
Module Name,Nome do Módulo,
Module Onboarding,Módulo Onboarding,
Module Profile,Perfil do módulo,
Module to Export,Módulo para Exportar,
Modules,módulos,
Modules HTML,Módulos HTML,
Monday,Segunda-feira,
Monospace,Monospace,
Month,Mês,
Monthly,Mensal,
Monthly Long,Mensalmente Longo,
More,Mais,
More Information,Mais Informações,
More articles on {0},Mais artigos sobre {0},
More content for the bottom of the page.,Mais conteúdo na parte de baixo da página.,
Most Used,Mais Usados,
Move,Mover,
Move To,Mover Para,
Move To Trash,Mover para lixeira,
Move to Row Number,Mover para o número da linha,
Mr,Sr.,r
Mrs,Sra,
Ms,Sra.,s
Multiple root nodes not allowed.,"Vários nós raiz, não é permitido .",
Multiplier Field,Campo Multiplicador,
Must be a publicly accessible Google Sheets URL,Deve ser um URL de planilhas do Google acessível publicamente,
"Must be of type ""Attach Image""",Deve ser do tipo &quot;Anexar Imagem&quot;,
Must have report permission to access this report.,Deve ter permissão para acessar relatório deste relatório.,
Must specify a Query to run,Deve especificar uma consulta para executar,
Mute Sounds,Desativar Sons,
Mx,Mx,x
My Account,Minha Conta,
My Device,Local,
MyISAM,MyISAM,
Name,Nome,
Name cannot contain special characters like {0},Nome não pode conter caracteres especiais como {0},
Name of the Document Type (DocType) you want this field to be linked to. e.g. Customer,"Nome do Tipo de Documento (DocType) pretende que este campo a ser vinculado. por exemplo, o Cliente",
Name of the new Print Format,Nome do novo Formato de Impressão,
Name of {0} cannot be {1},Nome de {0} não pode ser {1},
Names and surnames by themselves are easy to guess.,Os nomes e sobrenomes são fáceis de adivinhar.,
Naming,Nomeação,
Naming Series,Série de Atrib. de Nomes,
Naming Series mandatory,Nomeando obrigatório Series,
Navbar,Navbar,
Navbar Item,Item Navbar,
Navbar Settings,Configurações da barra de navegação,
Navbar Template,Modelo Navbar,
Navbar Template Values,Valores de modelo de Navbar,
Navigate Home,Navegue para casa,
Navigate list down,Navegar pela lista,Description of a list view shortcut
Navigate list up,Navegar pela lista,Description of a list view shortcut
Navigation Settings,Configurações de navegação,
Negative Value,Valor Negativo,
Nested set error. Please contact the Administrator.,Erro conjunto aninhado . Entre em contato com o administrador.,
New,Novo,
New Activity,Nova Atividade,
New Address,Novo Endereço,
New Chart,Novo Gráfico,
New Comment on {0}: {1},Novo comentário em {0}: {1},
New Contact,Novo Contato,
New Custom Print Format,Novo Formato de Impressão Personalizado,
New Document Shared {0},Novo documento compartilhado {0},
New Email,Novo Email,
New Email Account,Nova conta de email,
New Event,Novo Evento,
New Folder,Nova Pasta,
New Kanban Board,Novo Painel Kanban,
New Mention on {0},Nova menção em {0},
New Message from Website Contact Page,Nova Mensagem da Página de Contato do Site,
New Name,Novo Nome,
New Newsletter,Nova Newsletter,
New Notification,Nova notificação,
New Number Card,Novo cartão de número,
New Password,Nova Senha,
New Print Format Name,Novo nome do formato de impressão,
New Report name,Nome do novo Relatório,
New Shortcut,Novo Atalho,
New Value,Novo Valor,
New updates are available,Novas atualizações estão disponíveis,
New value to be set,Novo valor a ser definido,
New {0},Novo(a) {0},
New {0} Created,Novo {0} criado,
New {0} {1} added to Dashboard {2},Novo {0} {1} adicionado ao Dashboard {2},
New {0} {1} created,Novo {0} {1} criado,
New {0}: {1},Novo {0}: {1},
New {} releases for the following apps are available,Novas {} versões para os seguintes aplicativos estão disponíveis,
Newly created user {0} has no roles enabled.,O usuário recém-criado {0} não tem funções habilitadas.,
Newsletter,Newsletter,
Newsletter Email Group,Grupo de Email de Newsletter,
Newsletter Manager,Gestor de Newsletter,
Newsletter has already been sent,A Newsletter já foi enviada,
Newsletter should have atleast one recipient,O boletim deve ter pelo menos um destinatário,
Newsletters,Newsletters,
Next,Próximo,
Next 6 Months,Próximo 6 Months,
Next Action Email Template,Modelo de email de próxima ação,
Next Actions HTML,Próxima Ações HTML,
Next Month,Próximo Mês,
Next Quarter,Próximo Quarter,
Next Schedule Date,Próxima data programada,
Next Scheduled Date,Próxima data agendada,
Next State,Próximo Status,
Next Sync Token,Próximo token de sincronização,
Next Week,Próximo Week,
Next Year,Próximo Ano,
Next actions,Próximas ações,
No,Não,
No Active Sessions,Nenhuma sessão ativa,
No Copy,Nenhuma Cópia,
No Data,Sem Dados,
No Email Account,Sem conta de email,
No Email Accounts Assigned,Não há contas de email Assigned,
No Emails,Nenhum Email,
No Entry for the User {0} found within LDAP!,Nenhuma entrada para o usuário {0} encontrada no LDAP!,
No Filters Set,Nenhum conjunto de filtros,
No Google Calendar Event to sync.,Nenhum evento do Google Agenda para sincronizar.,
No LDAP User found for email: {0},Nenhum usuário LDAP encontrado para e-mail: {0},
No Label,Sem Rótulo,
No Name Specified for {0},Nenhum nome especificado para {0},
No Permissions Specified,Não há permissões especificadas,
No Permissions set for this criteria.,Sem permissões definidas para este critério.,
No Permitted Charts,Gráficos não permitidos,
No Permitted Charts on this Dashboard,Gráficos não permitidos neste Dashboard,
No Preview,Não há visualização,
No Preview Available,Não há visualização disponível,
No Printer is Available.,Nenhuma impressora está disponível.,
No Results,Nenhum Resultado,
No Tags,Sem Tags,
No Upcoming Events,Não há eventos futuros,
No address added yet.,Ainda não foi adicionado nenhum endereço.,
No alerts for today,Não há alertas para hoje,
No changes in document,Sem alterações no documento,
No changes made on the page,Nenhuma alteração feita na página,
No comments yet,Ainda não há comentários,
No contacts added yet.,Ainda não foi adicionado nenhum contato.,
No contacts linked to document,Nenhum contato vinculado ao documento,
No data to export,Nenhum dado para exportar,
No default Address Template found. Please create a new one from Setup > Printing and Branding > Address Template.,Nenhum modelo de endereço padrão encontrado. Crie um novo em Configuração&gt; Impressão e identidade visual&gt; Modelo de endereço.,
No documents found tagged with {0},Nenhum documento encontrado marcado com {0},
No email account associated with the User. Please add an account under User > Email Inbox.,Nenhuma conta de email associada ao usuário. Adicione uma conta em Usuário&gt; Caixa de entrada de email.,
No failed logs,Nenhum registro com falha,
"No fields found that can be used as a Kanban Column. Use the Customize Form to add a Custom Field of type ""Select"".",Nenhum campo encontrado que possa ser usado como uma coluna Kanban. Use o formulário Personalizar para adicionar um campo personalizado do tipo &quot;Selecionar&quot;.,
No file attached,Nenhum arquivo anexado,
No filters found,Nenhum filtro encontrado,
No further records,Não há mais registros,
No matching records. Search something new,Não há registros correspondentes. Procure algo novo,
No more items to display,Não há mais itens para exibir,
"No need for symbols, digits, or uppercase letters.","Não há necessidade de símbolos, dígitos ou letras maiúsculas.",
No new Google Contacts synced.,Nenhum novo Google Contacts sincronizado.,
No of Columns,Nenhuma das Colunas,
No of Rows (Max 500),Número de linhas (max 500),
No permission for {0},Sem permissão para {0},
No permission to '{0}' {1},Sem permissão para '{0} ' {1},
No permission to read {0},Sem permissão para ler {0},
No permission to {0} {1} {2},Sem permissão para {0} {1} {2},
No records deleted,Nenhum registro foi excluído,
No records present in {0},Nenhum registro presente em {0},
No records tagged.,Não há registros marcados.,
No records will be exported,Nenhum registro será exportado,
No template found at path: {0},Nenhum modelo encontrado no caminho: {0},
No values to show,Nenhum valor para mostrar,
No {0} Found,Nenhum {0} encontrado,
No {0} found,Nenhum(a) {0} encontrado(a),
No {0} found with matching filters. Clear filters to see all {0}.,Nenhum(a) {0} encontrado(a) com filtros correspondentes. Limpe os filtros para ver todos os(as) {0}.,
No {0} mail,Nenhum {0},
No.,N.,Title of the 'row number' column
Non Negative,Não Negativo,
Non-Conforming,Não conforme,
None,Nenhum,
None: End of Workflow,Nenhum: Fim do fluxo de trabalho,
Not Allowed,Não Desejados,
Not Allowed: Disabled User,Não permitido: Usuário desativado,
Not Ancestors Of,Não antepassados de,
Not Descendants Of,Não Descendentes De,
Not Equals,Diferente,
Not Found,Não Encontrado,
Not In,Não Presente,
Not Like,Não Parecido,
Not Linked to any record,Não vinculado a nenhum registro,
Not Permitted,Não Permitido,
Not Published,Não Publicado,
Not Saved,Não Salvo,
Not Seen,Não Visto,
Not Sent,Não Enviado,
Not Set,Não Selecionado,Field value is not set
Not a valid Comma Separated Value (CSV File),Não é um valor CSV válido (arquivo CSV),
Not a valid User Image.,Não é uma imagem de usuário válida.,
Not a valid Workflow Action,Não é uma ação válida do fluxo de trabalho,
Not a valid user,Não é um usuário válido,
Not active,Inativo,
Not allowed for {0}: {1},Não permitido para {0}: {1},
"Not allowed to attach {0} document, please enable Allow Print For {0} in Print Settings","Não tem permissão para anexar documento {0}, ative Permitir impressão para {0} nas configurações de impressão",
Not allowed to print cancelled documents,Não permitido para imprimir documentos cancelados,
Not allowed to print draft documents,Não permitido para imprimir documentos de rascunho,
Not found,Não encontrado,
Not in Developer Mode,Você não está no modo de desenvolvedor,
Not in Developer Mode! Set in site_config.json or make 'Custom' DocType.,Você não está no modo de desenvolvedor! Configure em site_config.json ou faça um DocType 'Personalizado'.,
Not permitted,Sem permissão,
Not permitted to view {0},Não tem permissão para ver {0},
Note,Nota,
Note Seen By,Nota Vista por,
Note:,Nota:,
Note: By default emails for failed backups are sent.,"Nota: Por padrão, os e-mails para backups com falha são enviados.",
Note: Changing the Page Name will break previous URL to this page.,Nota: Alterar o Nome da Página irá interromper o URL anterior para esta página.,
"Note: For best results,  images must be of the same size and width must be greater than height.","Nota: Para obter melhores resultados, as imagens devem ter o mesmo tamanho e a largura deve ser maior que a altura.",
Note: Multiple sessions will be allowed in case of mobile device,Observação: Serão permitidas múltiplas sessões no caso de dispositivo móvel,
Notes:,Notas:,
Nothing to show,Nada para mostrar,
Nothing to update,Nada para atualizar,
Notification,Notificação,
Notification Log,Registro de Notificação,
Notification Recipient,Destinatário da Notificação,
Notification Settings,Configurações de notificação,
Notification Subscribed Document,Documento assinado de notificação,
Notification sent to,Notificação enviada para,
Notifications,Notificações,
Notifications Disabled,Notificações desativadas,
Notifications and bulk mails will be sent from this outgoing server.,Notificações e emails em massa serão enviados por este servidor de saída.,
Notify Users On Every Login,Notificar usuários em cada login,
Notify by Email,Notificar por email,
Notify by email,Notificar por Email,
Notify if unreplied,Informar se não for respondido,
Notify if unreplied for (in mins),Informar se não for respondido em (minutos),
Notify users with a popup when they log in,Notificar os usuários com um pop-up quando eles entram,
Now,Agora,
Number,Número,
Number Card,Cartão de Número,
Number Card Link,Número do link do cartão,
Number Card Name,Nome do card numérico,
Number Cards,Cartões numéricos,
Number Format,Formato de número,
Number of Backups,Número de Backups,
Number of DB Backups,Número de backups de banco de dados,
Number of DB backups cannot be less than 1,Número de backups de banco de dados não pode ser menor que 1,
Number of Groups,Número de Grupos,
Number of columns for a field in a Grid (Total Columns in a grid should be less than 11),O número de colunas para um campo numa Grelha (O Total de Colunas em um grid deve ser inferior a 11),
Number of columns for a field in a List View or a Grid (Total Columns should be less than 11),Número de colunas para um campo em uma lista ou de um Grid (Total de colunas deve ser inferior a 11),
OAuth Authorization Code,Código de Autorização OAuth,
OAuth Bearer Token,OAuth Bearer Token,
OAuth Client,Cliente OAuth,
OAuth Client ID,ID do cliente OAuth,
OAuth Provider Settings,Configurações do Provedor OAuth,
OK,OK,
OTP App,Aplicação OTP,
OTP Issuer Name,Nome da Emissora OTP,
OTP Secret has been reset. Re-registration will be required on next login.,OTP Secret foi reiniciado. O novo registro será requerido no próximo login.,
OTP setup using OTP App was not completed. Please contact Administrator.,A configuração do OTP usando o aplicativo OTP não foi concluída. Entre em contato com o administrador.,
Off,Desligado,
Office,Escritório,
Office 365,Office 365,
Old Password,Senha Antiga,
Older backups will be automatically deleted,Os backups mais antigos serão apagados automaticamente,
On Hold,On Hold,
"On {0}, {1} wrote:","Em {0}, {1} escreveu:",
Onboarding Permission,Permissão de integração,
Onboarding Step,Etapa de integração,
Onboarding Step Map,Mapa de etapas de integração,
"Once submitted, submittable documents cannot be changed. They can only be Cancelled and Amended.","Depois de enviados, os documentos enviados não podem ser alterados. Eles só podem ser cancelados e alterados.",
"Once you have set this, the users will only be able access documents (eg. Blog Post) where the link exists (eg. Blogger).","Depois de ter definido isso, os usuários só poderão ser acessar documentos capazes (ex. Blog Post) onde existe a ligação (por exemplo, Blogger ) .",
One Last Step,Um Último Passo,
One Time Password (OTP) Registration Code from {},Código de registro de senha de uma vez (OTP) de {},
One of,Um dos,
Only 200 inserts allowed in one request,São permitidas somente 200 inserções por solicitação,
Only Administrator can delete Email Queue,Somente o administrador pode deletar a fila de emails,
Only Administrator can edit,Somente o Administrador pode editar,
Only Administrator can save a standard report. Please rename and save.,"Somente o Administrador pode salvar um relatório padrão. Por favor, renomear e salvar.",
Only Administrator is allowed to use Recorder,Apenas o administrador tem permissão para usar o gravador,
Only Allow Edit For,Somente permite edição para,
Only Options allowed for Data field are:,Apenas as opções permitidas para o campo de dados são:,
Only Send Records Updated in Last X Hours,Somente Enviar Registros Atualizados em Últimas X Horas,
Only mandatory fields are necessary for new records. You can delete non-mandatory columns if you wish.,"Somente os campos obrigatórios são necessários para novos registros. Você pode excluir colunas não-obrigatórias, se desejar.",
Only one {0} can be set as primary.,Somente um {0} pode ser definido como primário.,
Only standard DocTypes are allowed to be customized from Customize Form.,Somente DocTypes padrão podem ser personalizados no Custom Form.,
Only users involved in the document are listed,Somente usuários envolvidos no documento são listados,
Open,Abrir,
Open Awesomebar,Open Awesomebar,
Open Document,Documento Aberto,
Open Documents,Documentos abertos,
Open Help,Abra a Ajuda,
Open Link,Abrir Link,
Open Reference Document,Documento de Referência Aberto,
Open Settings,Abrir configurações,
Open Source Applications for the Web,Aplicativos Open Source para a Web,
Open Translation,Open Translation,
Open URL in a New Tab,Abrir URL em uma nova guia,
Open a dialog with mandatory fields to create a new record quickly,Abra uma caixa de diálogo com campos obrigatórios para criar um novo registro rapidamente,
Open a module or tool,Abra um módulo ou ferramenta,
Open list item,Abrir item da lista,Description of a list view shortcut
Open your authentication app on your mobile phone.,Abra seu aplicativo de autenticação em seu telefone celular.,
Open {0},Abrir {0},
Opened,Inaugurado,
Operacional,Operacional,
Operation,Operação,
Operator must be one of {0},O operador deve ser um dos {0},
Option 1,Opção 1,
Option 2,Opção 2,
Option 3,Opção 3,
Option {0} for field {1} is not a child table,A opção {0} para o campo {1} não é uma tabela filha,
Optional: Always send to these ids. Each Email Address on a new row,Opcional: Sempre enviar para estes ids. Cada endereço de email em uma nova linha,
Optional: The alert will be sent if this expression is true,Opcional: O alerta será enviado se essa expressão é verdadeira,
Options,Opções,
Options 'Dynamic Link' type of field must point to another Link Field with options as 'DocType',"Opções 'Dynamic Link' tipo de campo deve apontar para um outro campo Ligação com opções como ""TipoDoc '",
Options Help,Ajuda sobre Opções,
Options for select. Each option on a new line.,Opções para selecionar. Cada opção em uma nova linha.,
Options for {0} must be set before setting the default value.,As opções para {0} devem ser definidas antes de definir o valor padrão.,
Options not set for link field {0},Opções não definida para o campo link {0},
Order,Pedido,
Org History,História da Organização,
Org History Heading,Cabeçalho da História da Organização,
Orientation,Orientação,
Original Value,Valor Original,
Other,Outro,
Outgoing email account not correct,Conta de e-mail de saída não correto,
Outlook.com,Outlook.com,
Output,Saída,
Overview,Visão geral,
Owner,Proprietário,
PDF,PDF,
PDF Page Size,Tamanho da página PDF,
PDF Settings,Configurações do PDF,
PDF generation failed,Geração de PDF falhou,
PDF generation failed because of broken image links,Geração de PDF falhou por causa de links de imagens quebradas,
Page,Página,
Page Builder,Construtor de Página,
Page Building Blocks,Blocos de construção de página,
Page HTML,Página HTML,
Page Name,Nome da Página,
Page Settings,Configurações da página,
Page Shortcuts,Atalhos de página,
Page has expired!,A página expirou!,
Page not found,Página não encontrada,
Page {0} of {1},Página {0} de {1},
Parameter,Parâmetro,
Parent,Principal,
Parent Field (Tree),Campo pai (árvore),
Parent Field must be a valid fieldname,O campo pai deve ser um nome de campo válido,
Parent Label,Etiqueta Pai,
Parent Table,Tabela Pai,
Parent is the name of the document to which the data will get added to.,Pai é o nome do documento ao qual os dados serão adicionados.,
Partial Success,Sucesso parcial,
Participants,Participantes,
Passive,Passivo,
Password,Senha,
Password Email Sent,Email de Senha Enviado,
Password Reset,Redefinição de Senha,
Password Reset Link Generation Limit,Limite de geração de link de redefinição de senha,
Password changed successfully.,Senha alterada com sucesso.,
Password for Base DN,Senha para DN de base,
Password is required or select Awaiting Password,Senha é necessária ou selecione Aguardando senha,
Password reset instructions have been sent to your email,Instruções de redefinição de senha foram enviadas para seu email,
Passwords do not match,Passwords do not match,
Passwords do not match!,As senhas não coincidem!,
Paste,Colar,
Patch,Remendo,
Patch Log,Log de Patches,
Path,Caminho,
Path to CA Certs File,Caminho para o arquivo CA Certs,
Path to Server Certificate,Caminho para o certificado do servidor,
Path to private Key File,Caminho para o arquivo de chaves privado,
Pending,Pendente,
Pending Approval,Aprovação pendente,
Pending Verification,verificação pendente,
Percent,Por cento,
Percentage,Percentagem,
Period,Período,
Perm Level,Nível Permanente,
Permanent,Permanente,
Permanently Cancel {0}?,Cancelar Permanentemente {0} ?,
Permanently Submit {0}?,Confirmar Permanentemente {0} ?,
Permanently delete {0}?,Excluir Permanentemente {0} ?,
Permission Error,Erro de permissão,
Permission Level,Nível de Permissão,
Permission Levels,Níveis de Permissão,
Permission Rules,Regras de Permissão,
Permissions,Permissões,
Permissions are automatically applied to Standard Reports and searches.,As permissões são aplicadas automaticamente a relatórios e pesquisas padrão.,
"Permissions are set on Roles and Document Types (called DocTypes) by setting rights like Read, Write, Create, Delete, Submit, Cancel, Amend, Report, Import, Export, Print, Email and Set User Permissions.","As permissões são definidas em Funções e Tipos de Documentos (chamados Doctypes) , definindo direitos como Ler, Escrever, Criar, Deletar, Enviar, Cancelar, Corrigir, Reportar, Importar, Exportar, Imprimir, Email e Definir Permissões de Usuário.",
Permissions at higher levels are Field Level permissions. All Fields have a Permission Level set against them and the rules defined at that permissions apply to the field. This is useful in case you want to hide or make certain field read-only for certain Roles.,As permissões de níveis superiores são permissões de Nível de Campo. Todos os Campos têm um conjunto de Nível de Permissão e as regras definidas nessas permissões aplicam-se ao campo. Isto é útil caso queira ocultar ou fazer com que determinado campo seja só de leitura para certas Funções.,
"Permissions at level 0 are Document Level permissions, i.e. they are primary for access to the document.","As permissões para o nível 0 são permissões em nível de documento, ou seja, eles são primários para o acesso ao documento.",
Permissions get applied on Users based on what Roles they are assigned.,As permissões são aplicadas em usuários com base nas funções que lhe são atribuídas.,
Permitted Documents For User,Documentos Permitidos para Usuário,
Personal,Pessoal,
Personal Data Deletion Request,Solicitação de Exclusão de Dados Pessoais,
Personal Data Download Request,Solicitação de download de dados pessoais,
Phone,Telefone,
Phone No.,Nº de Telefone.,
Pick Columns,Escolher Colunas,
Pie,Torta,
Pincode,Pincode,
Places,Lugares,
Plant,Fábrica,
Please Duplicate this Website Theme to customize.,Por favor Duplicar este site Tema para personalizar.,
Please Install the ldap3 library via pip to use ldap functionality.,"Por favor, instale a biblioteca ldap3 via pip para usar a funcionalidade ldap.",
Please Set Chart,Defina o gráfico,
Please Update SMS Settings,Atualize Configurações SMS,
Please add a subject to your email,"Por favor, adicione um assunto ao seu email",
Please add a valid comment.,"Por favor, adicione um comentário válido.",
Please ask your administrator to verify your sign-up,"Por favor, pergunte ao seu administrador para verificar a sua inscrição",
Please attach a file first.,"Por favor, anexar um arquivo primeiro",
Please check the filter values set for Dashboard Chart: {},Verifique os valores de filtro definidos para o gráfico do dashboard: {},
"Please check the value of ""Fetch From"" set for field {0}",Verifique o valor de &quot;Buscar de&quot; definido para o campo {0},
Please check your email for verification,"Por favor, verifique seu e-mail para verificação",
Please check your registered email address for instructions on how to proceed. Do not close this window as you will have to return to it.,"Verifique seu endereço de e-mail registrado para obter instruções sobre como proceder. Não feche esta janela, pois você terá que retornar a ela.",
Please click on the following link to set your new password,"Por favor, clique no link a seguir para definir a sua nova senha",
Please close this window,"Por favor, feche esta janela",
Please confirm your action to {0} this document.,"Por favor, confirme sua ação para {0} este documento.",
Please create Card first,"Por favor, crie o cartão primeiro",
Please create chart first,Crie primeiro o gráfico,
Please do not change the template headings.,"Por favor, não alterar as posições do modelo.",
Please duplicate this to make changes,"Por favor, duplicar este para fazer mudanças",
Please enable pop-ups,Por favor habilite os pop-ups,
Please enable pop-ups in your browser,Por favor habilite pop-ups em seu navegador,
Please ensure that your profile has an email address,Verifique se o seu perfil tem um endereço de email,
Please enter Access Token URL,Digite o URL do token de acesso,
Please enter Authorize URL,Digite Autorizar URL,
Please enter Base URL,Digite o URL da Base,
Please enter Client ID before social login is enabled,Digite o ID do cliente antes que o login social seja ativado,
Please enter Client Secret before social login is enabled,Digite Client Secret antes do login social estar habilitado,
Please enter Redirect URL,Digite o URL de redirecionamento,
Please enter the password,Por favor digite a senha,
Please enter valid mobile nos,"Por favor, indique números de celular válidos",
Please find attached {0}: {1},"Por favor, encontre em anexo {0}: {1}",
Please hide the standard navbar items instead of deleting them,Oculte os itens padrão da barra de navegação em vez de excluí-los,
Please make sure the Reference Communication Docs are not circularly linked.,Certifique-se de que os Documentos de Comunicação de Referência não estejam vinculados circularmente.,
Please refresh to get the latest document.,Por favor de atualização para obter os últimos documentos.,
Please save before attaching.,"Por favor, salve antes de anexar.",
Please save the Newsletter before sending,"Por favor, salve a Newsletter antes de enviar",
Please save the document before assignment,"Por favor, salve o documento antes da atribuição",
Please save the document before removing assignment,"Por favor, salve o documento antes de remover a atribuição",
Please save the report first,"Por favor, salve o primeiro relatório",
Please save to edit the template.,Salve para editar o modelo.,
Please select Company,"Por favor, selecione a Empresa",
Please select DocType first,"Por favor, selecione DocType primeiro",
Please select Entity Type first,"Por favor, selecione Tipo de Entidade primeiro",
Please select Minimum Password Score,Selecione Mínimo de Marcação de Senha,
Please select a file or url,"Por favor, selecione um arquivo ou url",
Please select a valid csv file with data,"Por favor, selecione um arquivo csv com dados válidos",
Please select a valid date filter,Selecione um filtro de data válido,
Please select applicable Doctypes,Por favor selecione Doctypes aplicáveis,
Please select atleast 1 column from {0} to sort/group,"Por favor, selecione pelo menos coluna 1 a partir de {0} para classificar / grupo",
Please select prefix first,Por favor selecione o prefixo primeiro,
Please select the Document Type.,Selecione o Tipo de documento.,
Please select {0},"Por favor, selecione {0}",
Please set Email Address,Por Favor Defina o Endereço de Email,
Please set a printer mapping for this print format in the Printer Settings,"Por favor, defina um mapeamento de impressora para este formato de impressão nas configurações da impressora.",
Please set filters,"Por favor, defina filtros",
Please set filters value in Report Filter table.,"Por favor, definir o valor de filtros na tabela Filtro de Relatório.",
Please set the following documents in this Dashboard as standard first.,Defina os seguintes documentos neste Dashboard como padrão primeiro.,
Please set the series to be used.,Por favor defina a série a ser usada.,
"Please setup SMS before setting it as an authentication method, via SMS Settings","Configure o SMS antes de configurá-lo como um método de autenticação, por meio de Configurações de SMS",
Please setup a message first,"Por favor, configure uma mensagem primeiro",
Please specify,"Por favor, especifique",
Please specify which date field must be checked,Por favor especificar qual campo de data deve ser verificado,
Please specify which value field must be checked,Por favor especificar qual campo deve ser verificado,
Please try again,"Por favor, tente novamente",
Please verify your Email Address,"Por favor, verifique seu endereço de email",
Point Allocation Periodicity,Periodicidade de alocação de pontos,
Points,Pontos,
Points Given,Pontos dados,
Port,Porta,
Portal Menu,Portal menu,
Portal Menu Item,Portal item de menu,
Portal Settings,Configurações do Portal,
Portrait,Retrato,
Position,Posição,
Post,Post,
Postal,Postal,
Postal Code,CEP,
Posts by {0},Posts de {0},
Posts filed under {0},Posts arquivados em {0},
Precision,Precisão,
Precision should be between 1 and 6,Precisão deve estar entre 1 e 6,
Predictable substitutions like '@' instead of 'a' don't help very much.,"As substituições previsíveis, como '@' em vez de 'a' não ajudam muito.",
Prefer not to say,Prefiro não dizer,
Preferred Billing Address,Endereço preferido de faturamento,
Preferred Shipping Address,Endereço preferido para entrega,
Prefix,Prefixo,
Prepared Report,Relatório preparado,
Prepared Report User,Usuário de relatório preparado,
Preparing Report,Preparando Relatório,
Press Alt Key to trigger additional shortcuts in Menu and Sidebar,Pressione a tecla Alt para acionar atalhos adicionais no menu e na barra lateral,
Press Enter to save,Pressione Enter para salvar,
Preview,Pré-visualização,
Preview HTML,Pré-visualização de HTML,
Preview Message,Visualizar mensagem,
Previous,Anterior,
Previous Hash,Hash anterior,
Primary,Primário,
Primary Color,Cor primária,
Print,Impressão,
Print Documents,Imprimir documentos,
Print Format,Formato de Impressão,
Print Format Builder,Criar/Editar Formato de Impressão,
Print Format Help,Ajuda sobre Formatos de Impressão,
Print Format Type,Tipo do Formato de Impressão,
Print Format {0} is disabled,Formato de Impressão {0} está desativado,
Print Heading,Cabeçalho de Impressão,
Print Hide,Ocultar Impressão,
Print Hide If No Value,Ocultar Impressão se não Preenchido,
Print Sent to the printer!,Imprimir Enviado para a impressora!,
Print Server,Servidor de impressão,
Print Settings,Configurações de Impressão,
Print Style,Estilo de Impressão,
Print Style Name,Nome do estilo de impressão,
Print Style Preview,Estilo de visualização de impressão,
Print Width,Largura de impressão,
"Print Width of the field, if the field is a column in a table","Largura de impressão do campo, se o campo é uma coluna na tabela",
Print with letterhead,Imprimir com o timbre,
Printer,Impressora,
Printer Mapping,Mapeamento de Impressora,
Printer Name,Nome da impressora,
Printer Settings,Configurações da Impressora,
Printing,Impressão,
Printing failed,Impressão falhou,
Priority,Prioridade,
Private,Privado,
ProTip: Add <code>Reference: {{ reference_doctype }} {{ reference_name }}</code> to send document reference,Protip: Adicionar <code>Reference: {{ reference_doctype }} {{ reference_name }}</code> para enviar referência do documento,
Proceed Anyway,Continue mesmo assim,
Processing,Em processamento,
Processing...,Em processamento...,
Prof,Prof,
Progress,Progresso,
Project,Projeto,
Property,Propriedade,
Property Depends On,Propriedade depende,
Property Setter,Configurador de Propriedades,
Property Setter overrides a standard DocType or Field property,O configurador de propriedades substitui o DocType padrão ou propriedade de campo,
Property Type,Tipo de propriedade,
Provider,Fornecedor,
Provider Name,Nome do provedor,
Public,Público,
Publish,Publicar,
Published,Publicado,
Published On,Publicado no,
Published on,Publicado Em,
Pull from Google Calendar,Puxe do Google Agenda,
Pull from Google Contacts,Pull dos Contatos do Google,
Pulled from Google Calendar,Extraído do Google Agenda,
Pulled from Google Contacts,Extraído dos Contatos do Google,
Purchase Manager,Gerente de Compras,
Purchase Master Manager,Gerente de Cadastros de Compras,
Purchase User,Usuário de Compras,
Push to Google Calendar,Enviar para o Google Agenda,
Push to Google Contacts,Enviar para os Contatos do Google,
QR Code,QR Code,
QR Code for Login Verification,Código QR para verificação de login,
QZ Tray Connection Active!,Conexão da Bandeja QZ Ativo!,
QZ Tray Failed: ,QZ Tray Failed:,
Quarter Day,1/4 do Dia,
Quarterly,Trimestralmente,
Query,Consulta,
Query / Script,Consulta / Script,
Query Options,Opções de Consulta,
Query Report,Relatório da Consulta,
Queue should be one of {0},A fila deve ser uma de {0},
Queued,Em Fila,
Queued for backup. It may take a few minutes to an hour.,Na fila para backup em até uma hora.,
Queued for backup. You will receive an email with the download link,Em fila para backup. Você receberá um e-mail com o link de download,
Quick Entry,Entrada Rápida,
Quick Help for Setting Permissions,Ajuda rápida para Configurar Permissões,
Quick List Filter,Filtro de lista rápida,
Quick Lists,Lista Rápida,
RAW Information Log,Registro de informações RAW,
Range,Faixa,
Rating,Avaliação,
Raw Commands,Comandos brutos,
Raw Email,Email Puro,
Raw Printing,Impressão Raw,
Re: {0},Re: {0},
Read,Ler,
Read Only,Somente Leitura,
Read Only Depends On,Somente leitura depende,
Read Time,Tempo de leitura,
Read by Recipient,Lido por destinatário,
Read by Recipient On,Lido por destinatário ativado,
Reason,Motivo,
Rebuild,Reconstruir,
Received,Recebido,
Receiver By Document Field,Receptor por campo de documento,
Receiver By Role,Receptor por função,
Receiver Parameter,Parâmetro do recebedor,
Recent Activity,Atividade recente,
Recent years are easy to guess.,Os anos recentes são fáceis de adivinhar.,
Recipient,Destinatário,
Recipient Unsubscribed,Destinatário com inscrição cancelada,
Recipients,Destinatários,
Recorder,Gravador,
Records for following doctypes will be filtered,Registros para seguir doctypes serão filtrados,
Red,Vermelho,
Redirect URI Bound To Auth Code,URI de redirecionamento Bound To Código Auth,
Redirect URIs,redirecionar URIs,
Redirect URL,Redirecionar URL,
Redirect to the selected app after login,Redirecionar para o aplicativo selecionado após o login,
Redis cache server not running. Please contact Administrator / Tech support,Servidor de cache Redis não está funcionando. Entre em contato com o Administrador de apoio / Tecnologia,
Redo,Refazer,
Ref DocType,DocType de Ref.,
Reference,Referência,
Reference Date,Data de Referência,
Reference DocName,Nome do Documento de Referência,
Reference DocType,DocType de Referência,
Reference DocType and Reference Name are required,Referência DocType e nome de referência são necessários,
Reference Docname,Nome do Documento de Referência,
Reference Doctype,DocType de Referência,
Reference Document,Documento de referência,
Reference Document Type,Referência Tipo de Documento,
Reference Name,Nome de Referência,
Reference Owner,Proprietário de Referência,
Reference Report,Relatório de referência,
Reference Type,Tipo de Referência,
Reference document has been cancelled,O documento de referência foi cancelado,
Reference name,Nome de Referência,
Reference: {0} {1},Referência: {0} {1},
Referrer,Referrer,
Refresh,Atualizar,
Refresh All,Atualize tudo,
Refresh Google Sheet,Atualizar planilha do Google,
Refresh Token,Token de Atualização,
Refreshing,Refrescante,Document count in list view
Refreshing...,Atualizando...,
Register,CNPJ,
Registered but disabled,Registrado mas desativado,
Rejected,Rejeitado,
Relink,Religar,
Relink Communication,Religar Comunicação,
Relinked,Religado,
Reload,Recarregar,
Reload File,Recarregar arquivo,
Reload Report,Atualizar Relatório,
Remember Last Selected Value,Lembrar última seleção,
Remind Me,Lembre-me,
Remove,Remover,
Remove Field,Remover Campo,
Remove Filter,Remover Filtro,
Remove Section,Remover Seção,
Remove all customizations?,Remover todas as personalizações?,
Remove column,Remover column,
Remove section,Remover section,
Remove tab,Remover tab,
Rename,Renomear,
Rename {0},Mudar o nome {0},
"Renamed files and replaced code in controllers, please check!","Renomeado arquivos e substituído o código em controladores, por favor, verifique!",
Reopen,Reabrir,
Repeat,Repetir,
Repeat On,Repetir em,
Repeat Till,Repita até que,
Repeat on Day,Repetir no dia,
Repeat on Last Day of the Month,Repetir no último dia do mês,
Repeat this Event,Repita este evento,
"Repeats like ""aaa"" are easy to guess","Repetições como ""aaa"" são fáceis de adivinhar",
"Repeats like ""abcabcabc"" are only slightly harder to guess than ""abc""","Repetições como ""abcabcabc"" são somente um pouco mais difícil de adivinhar que ""abc""",
Repeats {0},Repete {0},
Replied,Respondido,
Reply,Responder,
Reply All,Responder a todos,
Report,Relatório,
Report Builder,Criador de Relatório,
Report Column,Coluna de Relatório,
Report Description,Descrição do relatório,
Report Document Error,Reportar erro de documento,
Report Filter,Filtro de Relatório,
Report Filters,Filtros de relatório,
Report Hide,Ocultar Relatório,
Report Information,Informações do Relatório,
Report Manager,Gestor de Relatórios,
Report Name,Nome do Relatório,
Report Reference Doctype,Report Reference Doctype,
Report Type,Tipo de Relatório,
Report View,Ver Relatório,
Report cannot be set for Single types,Relatório não pode ser ajustada para os modelos únicos,
"Report has no data, please modify the filters or change the Report Name",O relatório não possui dados. Modifique os filtros ou altere o Nome do relatório.,
"Report has no numeric fields, please change the Report Name","O relatório não tem campos numéricos, altere o nome do relatório",
Report updated successfully,Relatório atualizado com sucesso,
Report was not saved (there were errors),O Relatório não foi salvo (houve erros),
Report with more than 10 columns looks better in Landscape mode.,Relatório com mais de 10 colunas parece melhor no modo Paisagem.,
Report {0},Relatório {0},
Report {0} is disabled,Relatório {0} está desativado,
Report:,Relatório:,
Reports,Relatórios,
Reports & Masters,Relatórios e Cadastros,
Reports already in Queue,Relatórios já na fila,
Represents a User in the system.,Representa um usuário no sistema.,
Represents the states allowed in one document and role assigned to change the state.,Representa os estados permitidos em um documento e função atribuído para alterar o estado.,
Request Data,Solicitar Dados,
Request Structure,Estrutura da solicitação,
Request Timed Out,Solicitação expirada,
Request URL,URL do pedido,
Require Trusted Certificate,Exigir certificado confiável,
Res: {0},Res: {0},
Reset,Redefinir,
Reset Changes,Redefinir Changes,
Reset Chart,Reiniciar gráfico,
Reset Fields,Limpar campos,
Reset LDAP Password,Redefinir senha LDAP,
Reset OTP Secret,Redefinir OTP Secret,
Reset Password,Redefinir Senha,
Reset Password Key,Redefinição de senha chave,
Reset Permissions for {0}?,Repor permissões para {0} ?,
Reset to default,Redefinir,
Reset to defaults,Restaurar Padrões,
Reset your password,Redefinir sua senha,
Response,Resposta,
Response Type,Tipo de resposta,
Restore,Restaurar,
Restore Original Permissions,Restaurar permissões originais,
Restore to default settings?,Restaurar as configurações padrão?,
Restored,Restaurado,
Restoring Deleted Document,Restaurando Documento Excluído,
Restrict IP,Restringir IP,
Restrict To Domain,Restringir ao domínio,
Restrict to Domain,Restringir ao domínio,
Restrict user from this IP address only. Multiple IP addresses can be added by separating with commas. Also accepts partial IP addresses like (111.111.111),Restringir usuário a partir deste endereço IP. Vários endereços IP podem ser adicionados ao separar com vírgulas. São aceitos também endereços IP parciais como (111.111.111),
Restrictions,Restrições,Title of message showing restrictions in list view
Resume Sending,Retomar Envio,
Retry,Repetir,
Return to the Verification screen and enter the code displayed by your authentication app,Retorne à tela de Verificação e insira o código exibido pelo seu aplicativo de autenticação,
Reverse Icon Color,Inverta Ícone Cor,
Revert,Reverter,
Revert Of,Reverter,
Reverted,Revertido,
Reverting length to {0} for '{1}' in '{2}'. Setting the length as {3} will cause truncation of data.,Revertendo comprimento para {0} para &#39;{1}&#39; em &#39;{2}&#39;. Definir o comprimento como {3} causará o truncamento dos dados.,
Review,Reveja,
Review Level,Nível de revisão,
Review Levels,Revisar Níveis,
Review Points,Pontos de revisão,
Reviews,Rever,
Revoke,Revogar,
Revoked,Revogado,
Rich Text,Rich Text,
Right,Direita,
Robots.txt,Robots.txt,
Role,Função,
Role Name,Nome da Função,
Role Permission for Page and Report,Permissão de Função para Página e Relatório,
Role Permissions,Permissões da Função,
Role Permissions Manager,Gestor de Permissões por Função,
Role Profile,Perfil de Função,
Role and Level,Função e Nível,
Roles,Funções,
Roles & Permissions,Funções e permissões,
Roles Assigned,Funções Atribuídas,
Roles HTML,Funções HTML,
Roles Html,Funções HTML,
Roles can be set for users from their User page.,As funções podem ser definidas para os usuários através de sua página de Usuário.,
Root {0} cannot be deleted,Root {0} não pode ser excluído,
Round Robin,Robin Redondo,
Route,Rota,
Route History,História da rota,
Route Redirects,Redirecionamentos de rota,
Row,Linha,
Row #,Linha #,
Row #{0}:,Linha # {0}:,
Row Index,Índice de linhas,
Row Name,Nome da Linha,
Row Number,Número da linha,
Row Values Changed,Valores das Linhas Mudaram,
Row {0},Linha {0},
Row {0}: Not allowed to disable Mandatory for standard fields,Linha {0}: Não é permitido desativar Obrigatório para campos padrão,
Row {0}: Not allowed to enable Allow on Submit for standard fields,Linha {0}: Não é permitido habilitar Permitir ao Enviar para campos padrão,
Rows Added,Linhas Adicionadas,
Rows Removed,Linhas Excluídas,
Rule,Regra,
Rule Conditions,Condições da regra,
Rule Name,Nome da regra,
Rules defining transition of state in the workflow.,Regras que definem a transição de status no fluxo de trabalho.,
"Rules for how states are transitions, like next state and which role is allowed to change state etc.","Regras de como os status são alterados, como o próximo status e que função terá permissão para mudar de status, etc",
Rules with higher priority number will be applied first.,Regras com número de prioridade mais alta serão aplicadas primeiro.,
Run Jobs only Daily if Inactive For (Days),Executar trabalhos apenas diariamente se inativo por (dias),
Run scheduled jobs only if checked,As tarefas agendadas somente serão executadas se a opção estiver marcada,
S3 Backup Settings,Configurações de Backup S3,
S3 Backup complete!,S3 Backup completo!,
S3 Bucket Details,Detalhes do balde S3,
SMS,SMS,
SMS Gateway URL,URL de Gateway para SMS,
SMS Parameter,Parâmetro de SMS,
SMS Settings,Configurações de SMS,
SMS was not sent. Please contact Administrator.,O SMS não foi enviado. Entre em contato com o administrador.,
SMTP Settings for outgoing emails,Configurações de SMTP para envio de emails,
"SQL Conditions. Example: status=""Open""","Condições SQL. Exemplo: status=""Open""",
SSL/TLS Mode,Modo SSL / TLS,
Sales Manager,Gerente de Vendas,
Sales Master Manager,Gerente de Cadastros de Vendas,
Sales User,Usuário de Vendas,
Salesforce,Salesforce,
Salutation,Saudação,
Same Field is entered more than once,O mesmo campo foi inserido mais de uma vez,
Sample,Amostra,
Saturday,Sábado,
Save,Salvar,
Save Anyway,Salvar assim mesmo,
Save As,Salvar como,
Save Customizations,Salvar personalizações,
Save Filter,Salvar filtro,
Save Report,Salvar o relatorio,
Save filters,Salvar filtros,
Saved,Salvo,
Saving,Salvando,Freeze message while saving a document
Saving...,Salvando ...,
Scan the QR Code and enter the resulting code displayed.,Digitalize o Código QR e insira o código resultante exibido.,
Scheduled,Programado,
Scheduled Job,Trabalho agendado,
Scheduled Job Log,Registro de trabalho agendado,
Scheduled Job Type,Tipo de trabalho agendado,
Scheduled To Send,Programado para enviar,
Scheduled execution for script {0} has updated,A execução agendada para o script {0} foi atualizada,
Scheduled to send,Programado para enviar,
Scheduler Event,Evento Scheduler,
Scheduler Inactive,Agendador inativo,
Scheduler is inactive. Cannot import data.,O agendador está inativo. Não é possível importar dados.,
Scope,Scope,
Scopes,Scopes,
Script,Script,
Script Manager,Gerenciador de scripts,
Script Report,Relatório Script,
Script Type,Tipo de Script,
Script to attach to all web pages.,Script para anexar a todas as páginas web.,
Search,Buscar,
Search Bar,Barra de pesquisa,
Search Fields,Campos de Pesquisa,
Search Help,Procure Ajuda,
Search Priorities,Prioridades de pesquisa,
Search by filename or extension,Pesquisar por nome de arquivo ou extensão,
Search field {0} is not valid,Campo de pesquisa {0} não é válido,
Search for anything,Procurar por qualquer coisa,
Search in a document type,Pesquisar em um tipo de documento,
Search or type a command ({0}),Pesquise ou digite o comando ({0}),
Search results for,Buscar resultados para,
Search...,Pesquisa...,
Searching ...,Procurando ...,
Section,Seção,
Section Break,Quebra de seção,
Section Heading,Cabeçalho da Seção,
Security Settings,Configurações de Segurança,
See all past reports.,Veja todos os relatórios anteriores.,
See on Website,Veja no Site,
See the document at {0},Veja o documento em {0},
Seen,Visto,
Seen By,Visto por,
Seen By Table,Visto por tabela,
Select,Selecionar,
Select All,Selecionar Tudo,
Select Attachments,Selecione os Anexos,
Select Child Table,Selecionar tabela infantil,
Select Column,Selecione a coluna,
Select Columns,Selecionar Colunas,
Select Dashboard,Selecionar Dashboard,
Select Date Range,Selecionar período,
Select DocType,Selecione DocType,
Select Doctype,Selecione o DocType,
Select Document Type,Selecione o Tipo de Documento,
Select Document Type or Role to start.,Selecione o Tipo de Documento ou Função para começar.,
Select Document Types to set which User Permissions are used to limit access.,Selecione os tipos de documentos para definir quais as permissões de usuário são usados para limitar o acesso.,
Select Field,Selecione o campo,
Select Field...,Selecionar campo ...,
Select Fields,Selecione os campos,
Select Fields To Insert,Selecione os campos para inserir,
Select Fields To Update,Selecione os campos para atualizar,
Select Filters,Selecione Filtros,
Select From Date,Selecione a partir da data,
Select Google Calendar to which event should be synced.,Selecione Google Agenda com o qual o evento deve ser sincronizado.,
Select Google Contacts to which contact should be synced.,Selecione Contatos do Google aos quais o contato deve ser sincronizado.,
Select Group By...,Selecione Agrupar por ...,
Select Language,Selecione o idioma,
Select Mandatory,Selecione Obrigatório,
Select Module,Selecione o Módulo,
Select Print Format,Selecione o Formato de Impressão,
Select Print Format to Edit,Selecione um formato de impressão para editar,
Select Table Columns for {0},Selecionar colunas de tabela para {0},
Select Transaction,Selecione a Transação,
Select a Brand Image first.,Selecione o Logo da Marca primeiro.,
Select a DocType to make a new format,Selecione um tipo de documento para fazer um novo formato,
Select a valid Sender Field for creating documents from Email,Selecione um campo de remetente válido para criar documentos de e-mail,
Select a valid Subject field for creating documents from Email,Selecione um campo de Assunto válido para criar documentos de e-mail,
Select an existing format to edit or start a new format.,Escolha um formato existente para editar ou iniciar um novo formato.,
Select an image of approx width 150px with a transparent background for best results.,Selecione uma imagem de aproximadamente 150px de largura com um fundo transparente para melhores resultados.,
Select atleast 1 record for printing,Selecione pelo menos 1 registro para impressão,
Select atleast 2 actions,Selecione pelo menos 2 ações,
Select list item,Selecione o item da lista,Description of a list view shortcut
Select multiple list items,Selecione vários itens da lista,Description of a list view shortcut
Select or drag across time slots to create a new event.,Selecione ou arraste intervalos de tempo para criar um novo evento.,
Select records for assignment,Seleciona registros para a atribuição,
Select the label after which you want to insert new field.,Selecione a etiqueta após a qual você deseja inserir um novo campo.,
Select {0},Selecione {0},
Self approval is not allowed,Auto-aprovação não é permitida,
Send,Enviar,
Send After,Envie Depois,
Send Alert On,Enviar Alerta,
Send Email Alert,Enviar alerta de email,
Send Email Print Attachments as PDF (Recommended),Enviar anexos de email em PDF (Recomendado),
Send Email for Successful Backup,Enviar email para backup bem-sucedido,
Send Email for Successful backup,Enviar email para backup bem-sucedido,
Send Me A Copy of Outgoing Emails,Envie-me uma cópia dos e-mails de saída,
Send Notification To,Enviar Notificação para,
Send Notification to,Enviar Notificação para,
Send Notifications For Documents Followed By Me,Enviar notificações para documentos seguidos por mim,
Send Notifications For Email Threads,Enviar notificações para tópicos de email,
Send Notifications To,Enviar Notificações para,
Send Now,Enviar agora,
Send Print as PDF,Enviar impressão como PDF,
Send Read Receipt,Enviar Confirmação de Leitura,
Send System Notification,Enviar Notificação do Sistema,
Send To All Assignees,Enviar para todos os cessionários,
Send Unsubscribe Link,Enviar link para cancelar inscrição,
Send Welcome Email,Enviar email de boas-vindas,
Send alert if date matches this field's value,Enviar alerta se a data corresponde valor deste campo,
Send alert if this field's value changes,Enviar alerta se muda o valor desse campo,
Send an email reminder in the morning,Enviar um email lembrete na parte da manhã,
Send days before or after the reference date,Enviar dias antes ou depois da data de referência,
Send enquiries to this email address,Envie perguntas para este endereço de email,
Send me a copy,Envie-me uma Cópia,
Send only if there is any data,Envie somente se houver quaisquer dados,
Send unsubscribe message in email,Enviar mensagem de cancelamento de inscrição no e-mail,
Sender,Remetente,
Sender Email,E-mail do remetente,
Sender Field should have Email in options,O campo do remetente deve ter e-mail nas opções,
Sendgrid,Sendgrid,
Sending,Enviando,
Sent,Enviado,
Sent Read Receipt,Enviar Confirmação de Leitura,
Sent or Received,Enviados ou recebidos,
Sent/Received Email,E-mail enviado / recebido,
Separator,Separador,
Series List for this Transaction,Lista de séries para esta transação,
Series {0} already used in {1},Série {0} já usado em {1},
Server Action,Ação do Servidor,
Server Error,Erro de Servidor,
Server IP,IP do servidor,
Server Script,Script de Servidor,
Service,Serviço,
Session Default,Default da Sessão,
Session Default Settings,Configurações padrão da sessão,
Session Defaults,Padrões de Sessão,
Session Defaults Saved,Padrões de sessão salvos,
Session Expired,Sessão expirada,
Session Expiry must be in format {0},Sessão de validade devem estar no formato {0},
Set,Definir,
Set Banner from Image,Definir imagem como banner,
Set Chart,Definir gráfico,
"Set Default Options for all charts on this Dashboard (Ex: ""colors"": [""#d1d8dd"", ""#ff5858""])","Defina as opções padrão para todos os gráficos neste Dashboard (Ex: &quot;cores&quot;: [&quot;# d1d8dd&quot;, &quot;# ff5858&quot;])",
Set Dynamic Filters,Definir Filtros Dinâmicos,
Set Filters,Definir filtros,
Set Filters for {0},Definir filtros para {0},
Set New Password,Definir nova senha,
Set Number of Backups,Definir número de cópias de segurança,
Set Password,Definir senha,
Set Permissions,Definir Permissões,
Set Property After Alert,Definir propriedade após o alerta,
Set Quantity,Definir Quantidade,
Set Role For,Definir papel para,
Set User Permissions,Definir Permissões de Usuário,
Set Value,Definir valor,
Set all private,Tudo privado,
Set as Default,Definir Como Padrão,
Set as Default Theme,Definir como tema padrão,
Set non-standard precision for a Float or Currency field,Definir precisão não-padrão para um campo Float ou Moeda,
Setting this Address Template as default as there is no other default,"A definição desse modelo de endereço como padrão, pois não há outro padrão",
Setting up Global Search documents.,Configurando documentos de Pesquisa Global.,
Setting up your system,Configurando seu sistema,
Settings,Configurações,
Settings Dropdown,Lista suspensa de configurações,
Settings for Contact Us Page,Configurações para a página Fale Conosco,
Settings for the About Us Page,Configurações para a página Sobre Nós,
Setup,Configuração,
Setup > Customize Form,Configuração&gt; Personalizar formulário,
Setup > User,Configuração&gt; Usuário,
Setup > User Permissions,Configuração&gt; Permissões do Usuário,
Setup Auto Email,Configurar Email Automático,
Setup Complete,Instalação Concluída,
Setup Wizard,Assistente de Configuração,
Share,Compartilhar,
Share With,Compartilhar,
Share this document with,Compartilhe este documento com,
Share {0} with,Partilhar {0} com,
Shared,Compartilhado,
Shared with the following Users with Read access:{0},Compartilhado com os seguintes usuários com acesso de leitura: {0},
Shipping,Expedição,
Shipping Address,Endereço Para Entrega,
Shop,Loja,
Short Name,Nome Curto,
Short keyboard patterns are easy to guess,padrões do teclado curtas são fáceis de adivinhar,
Shortcuts,Atalhos,
Show,mostrar,
Show Attachments,Mostrar anexos,
Show Calendar,Mostrar calendário,
Show Dashboard,Mostrar Dashboard,
Show Document,Mostrar documento,
Show Form Tour,Show Form Tour,
Show Full Error and Allow Reporting of Issues to the Developer,Mostrar erro completo e permitir relatórios de problemas para o desenvolvedor,
Show Full Form?,Mostrar formulário completo?,
Show Keyboard Shortcuts,Mostrar atalhos de teclado,
Show Line Breaks after Sections,Mostrar quebras de linha após seções,
Show More Activity,Mostrar mais atividade,
Show Percentage Stats,Mostrar estatísticas percentuais,
Show Permissions,Mostrar Permissões,
Show Preview Popup,Mostrar pop-up de pré-visualização,
Show Report,Mostrar relatório,
Show Section Headings,Mostrar Seção Títulos,
Show Sidebar,Mostrar menu lateral,
Show Tags,Mostrar Tags,
Show Title,Mostrar Título,
Show Totals,Mostrar Totais,
Show Traceback,Mostrar Traceback,
Show Warnings,Mostrar avisos,
Show Weekends,Mostrar fins de semana,
Show all Versions,Mostrar todas as versões,
Show all activity,Mostrar todas as atividades,
Show as cc,Mostrar como cc,
Show full form instead of a quick entry modal,Mostrar o formulário completo em vez de um modal de entrada rápida,
Show in Module Section,Mostrar na Seção Módulo,
Show in filter,Mostrar no filtro,
Show more details,Mostrar mais detalhes,
Show percentage difference according to this time interval,Mostra a diferença percentual de acordo com este intervalo de tempo,
"Show title in browser window as ""Prefix - title""",Mostrar título na janela do navegador como &quot;Prefixo - título&quot;,
Showing only Numeric fields from Report,Mostrando apenas campos numéricos do relatório,
Showing only first {0} rows out of {1},Mostrando apenas {0} primeiras linhas de {1},
Sidebar,Barra lateral,
Sidebar Items,Itens da barra lateral,
Sidebar Settings,Configurações da barra lateral,
Sidebar and Comments,Menu Lateral e Comentários,
Sign Up is disabled,Sign Up é desativado,
Sign up,inscrever-se,
Signature,Assinatura,
Signup Disabled,Inscrição Desativada,
Signups have been disabled for this website.,As inscrições foram desativadas para este site.,
"Simple Python Expression, Example: Status in (""Closed"", ""Cancelled"")","Expressão Python Simples, Exemplo: Status em (&quot;Fechado&quot;, &quot;Cancelado&quot;)",
"Simple Python Expression, Example: Status in (""Invalid"")","Expressão Python simples, exemplo: status em (&quot;inválido&quot;)",
"Simple Python Expression, Example: status == 'Open' and type == 'Bug'","Expressão Python Simples, Exemplo: status == &#39;Open&#39; e digite == &#39;Bug&#39;",
Simultaneous Sessions,Sessões simultâneas,
Single DocTypes cannot be customized.,DocTypes únicos não podem ser personalizados.,
Single Types have only one record no tables associated. Values are stored in tabSingles,Tipos individuais têm apenas um registro sem tabelas associadas. Os valores são armazenados em tabSingles,
Size,Tamanho,
Skip,Pular,
Skip Authorization,Ignorar autorização,
Skip Step,Pular etapa,
Skipping Duplicate Column {0},Ignorando coluna duplicada {0},
Skipping Untitled Column,Ignorando coluna sem título,
Skipping column {0},Ignorando a coluna {0},
Skype,Skype,
Slack,Folga,
Slack Channel,Canal de folga,
Slack Webhook Error,Erro Slack Webhook,
Slack Webhook URL,URL do Webhook do Slack,
Slideshow,Apresentação de Slides,
Slideshow Items,Itens da Apresentação de Slides,
Slideshow Name,Nome da Apresentação de Slides,
Slideshow like display for the website,Slideshow como display para o site,
Small Text,Texto Pequeno,
Smallest Currency Fraction Value,Menor valor fracionado de moeda,
Smallest circulating fraction unit (coin). For e.g. 1 cent for USD and it should be entered as 0.01,"Menor unidade fração circulante (moeda). Para, por exemplo, 1 centavo, deve ser inserido como 0,01",
Social,Social,
Social Link Settings,Configurações de link social,
Social Link Type,Tipo de Link Social,
Social Login Key,Chave de login social,
Social Login Provider,Provedor de acesso social,
Social Logins,Logins sociais,
Soft-Bounced,Soft-Bounced,
Some columns might get cut off when printing to PDF. Try to keep number of columns under 10.,Algumas colunas podem ser cortadas ao imprimir em PDF. Tente manter o número de colunas abaixo de 10.,
Some of the features might not work in your browser. Please update your browser to the latest version.,Alguns dos recursos podem não funcionar no seu navegador. Atualize o navegador para a versão mais recente.,
Something went wrong,Algo deu errado,
Something went wrong during the token generation. Click on {0} to generate a new one.,Algo deu errado durante a geração do token. Clique em {0} para gerar um novo.,
Sorry! I could not find what you were looking for.,Desculpe! Não foi possível encontrar o que você procurou.,
Sorry! You are not permitted to view this page.,Desculpe! Você não tem permissão para visualizar esta página.,
Sort Field,Ordenar por campo,
Sort Order,Ordem de classificação,
Sort field {0} must be a valid fieldname,Ordenar campo {0} deve ser um nome do campo válido,
Source,Fonte,
Source Name,Nome da Fonte,
Source Text,Texto Original,
Spacer,Spacer,
Spam,Spam,
SparkPost,SparkPost,
Special Characters are not allowed,Caracteres especiais não são permitidos,
"Special Characters except '-', '#', '.', '/', '{{' and '}}' not allowed in naming series {0}","Caracteres especiais, exceto &quot;-&quot;, &quot;#&quot;, &quot;.&quot;, &quot;/&quot;, &quot;{{&quot; e &quot;}}&quot; não permitidos na série de nomenclatura {0}",
Sr,Sr,
Standard,Padrão,
"Standard DocType cannot have default print format, use Customize Form","DocType padrão não pode ter o formato de impressão padrão, use Personalizar formulário",
Standard Not Set,Padrão não definido,
Standard Print Format cannot be updated,Formato de impressão padrão não pode ser atualizado,
Standard Print Style cannot be changed. Please duplicate to edit.,"O estilo de impressão padrão não pode ser alterado. Por favor, copie para editar.",
Standard Sidebar Menu,Menu Lateral Padrão,
Standard rich text editor with controls,Editor de rich text padrão com controles,
Standard roles cannot be disabled,Funções padrão não pode ser desativado,
Standard roles cannot be renamed,Funções padrão não podem ser renomeadas,
Standings,Classificações,
Start,Iniciar,
Start Date,Data de Início,
Start Date Field,Campo de Data de Início,
Start Import,Iniciar importação,
Start Time,Horário de Início,
Start entering data below this line,Comece a introduzir dados abaixo desta linha,
Start new Format,Iniciar um Novo Formato,
StartTLS,StartTLS,
Started,Começado,
Starting Frappe ...,Iniciando Frappé ...,
Starts on,Inicia em,
State,Estado,
State/Province,Estado / Província,
States,Estados,
Static Parameters,Parâmetros estáticos,
Stats,Estatísticas,
Stats Time Interval,Intervalo de tempo das estatísticas,
Stats based on last month's performance (from {0} to {1}),Estatísticas com base no desempenho do último mês (de {0} a {1}),
Stats based on last week's performance (from {0} to {1}),Estatísticas com base no desempenho da semana passada (de {0} a {1}),
Status,Status,
Status Updated,Status Atualizado,
Status: {0},Status: {0},
Step,Degrau,
Steps,Passos,
Steps to verify your login,Etapas para verificar seu login,
Stop,Parar,
Stopped,Parado,
Stores the JSON of last known versions of various installed apps. It is used to show release notes.,Armazena o JSON das últimas versões conhecidas de vários aplicativos instalados. Ele é usado para mostrar notas de lançamento.,
Straight rows of keys are easy to guess,linhas retas de teclas são fáceis de adivinhar,
Style,Estilo,
Style Settings,Configurações de Estilo,
"Style represents the button color: Success - Green, Danger - Red, Inverse - Black, Primary - Dark Blue, Info - Light Blue, Warning - Orange","Estilo representa a cor do botão: Sucesso - Verde, Perigo - Vermelho, Inverso - Preto, Primário - Azul Escuro, Informações - Azul Claro, Aviso - Laranja",
Stylesheet,Folha de estilo,
"Sub-currency. For e.g. ""Cent""",Sub-moeda. Por exemplo &quot;Centavo&quot;,
Sub-domain provided by erpnext.com,Sub-domínio fornecido pelo erpnext.com,
Subdomain,Subdomínio,
Subject,Assunto,
Subject Field,Subject Field,
"Subject Field type should be Data, Text, Long Text, Small Text, Text Editor","O tipo de campo de assunto deve ser Dados, Texto, Texto Longo, Texto Pequeno, Editor de Texto",
Submit,Enviar,
Submit After Import,Enviar após importação,
Submit an Issue,Enviar um problema,
Submit this document to complete this step.,Envie este documento para concluir esta etapa.,
Submit this document to confirm,Enviar este documento para confirmar,
Submit {0} documents?,Envie {0} documentos?,Title of confirmation dialog
Submitted,Enviado,
Submitted Document cannot be converted back to draft. Transition row {0},Documento enviado não pode ser convertido de volta para rascunho. Linha de transição {0},
Submitting,Submeter,Freeze message while submitting a document
Submitting {0},Enviando {0},
Subsidiary,Subsidiário,
Subtitle,Subtítulo,
Success,Sucesso,
Success Action,Ação de Sucesso,
Success Message,Mensagem de sucesso,
Success URL,URL de Confirmação,
Success! You are good to go 👍,Sucesso! Você é bom para ir 👍,
Successful Transactions,Transações bem-sucedidas,
Successful: {0} to {1},Bem-sucedida: {0} para {1},
Successfully Done,Feito com sucesso,
Successfully Updated,Atualizado com sucesso,
Successfully updated translations,Traduções atualizadas com êxito,
Suggested Username: {0},Nome de usuário sugerido: {0},
Sum,Soma,
Sum of {0},Soma de {0},
Summary,Resumo,
Sunday,Domingo,
Suspend Sending,Suspender Envio,
Switch To Desk,Ir para o Desktop,
Symbol,Símbolo,
Sync,Sincronizar,
Sync Calendar,Sincronizar Calendário,
Sync Contacts,Sincronizar contatos,
Sync on Migrate,Sync em Migrate,
Sync with Google Calendar,Sincronize com o Google Agenda,
Sync with Google Contacts,Sincronizar com os contatos do Google,
Syncing,Sincronizando,
Syncing {0} of {1},Sincronizando {0} de {1},
System,Sistema,
System Console,Console do sistema,
System Manager,Gerente de Sistema,
System Notification,Notificação do sistema,
System Notifications,Notificações do sistema,
System Page,Página do sistema,
System Settings,Configurações do Sistema,
System managers are allowed by default,Gerentes de sistema são permitidos por padrão,
Table,Tabela,
Table Break,Pausa para a mesa,
Table Field,Campo da Tabela,
Table HTML,Tabela HTML,
Table MultiSelect,Tabela MultiSelect,
Table updated,Tabela atualizada,
Table {0} cannot be empty,Tabela {0} não pode ser vazio,
Tag,Tag,
Tag Link,Tag Link,
Tags,Tags,
Take Backup,Fazer backup,
Take Backup Now,Fazer backup agora,
Take Photo,Tirar fotos,
Target,Meta,
Task,Tarefa,
Team Members,Membros da Equipe,
Team Members Heading,Título da página Membros da Equipe,
Template,Modelo,
Template Error,Erro de modelo,
Template Options,Opções de modelo,
Template Warnings,Avisos do modelo,
Temporarily Disabled,Temporariamente desativado,
Test email sent to {0},Email de teste enviado para {0},
Test_Folder,Test_Folder,
Text,Texto,
Text Align,Alinhar Texto,
Text Color,Cor do texto,
Text Content,conteúdo de texto,
Text Editor,Editor de Texto,
Thank you,Obrigado,
Thank you for your email,Obrigado pelo seu email,
Thank you for your feedback!,Obrigado pelo seu feedback!,
Thank you for your interest in subscribing to our updates,Agradecemos seu interesse em assinar a newsletter do site,
Thank you for your message,Obrigado por sua mensagem,
Thanks,Obrigado,
The Auto Repeat for this document has been disabled.,A repetição automática para este documento foi desativada.,
The CSV format is case sensitive,O formato CSV diferencia maiúsculas de minúsculas,
The Condition '{0}' is invalid,A condição &#39;{0}&#39; é inválido,
"The application has been updated to a new version, please refresh this page","O aplicativo foi atualizado para uma nova versão, por favor, atualize esta página",
The attachments could not be correctly linked to the new document,Os anexos não puderam ser vinculados corretamente ao novo documento,
The column {0} has {1} different date formats. Automatically setting {2} as the default format as it is the most common. Please change other values in this column to this format.,"A coluna {0} possui {1} formatos de data diferentes. Definindo automaticamente {2} como o formato padrão, pois é o mais comum. Por favor, altere outros valores nesta coluna para este formato.",
The comment cannot be empty,O comentário não pode estar vazio,
The document could not be correctly assigned,O documento não pôde ser atribuído corretamente,
The document has been assigned to {0},O documento foi atribuído a {0},
"The meta description is an HTML attribute that provides a brief summary of a web page. Search engines such as Google often display the meta description in search results, which can influence click-through rates.","A meta descrição é um atributo HTML que fornece um breve resumo de uma página da web. Mecanismos de pesquisa como o Google geralmente exibem a meta descrição nos resultados da pesquisa, o que pode influenciar as taxas de cliques.",
"The meta image is unique image representing the content of the page. Images for this Card should be at least 280px in width, and at least 150px in height.",A meta imagem é uma imagem única que representa o conteúdo da página. As imagens para este cartão devem ter pelo menos 280 px de largura e pelo menos 150 px de altura.,
The name that will appear in Google Calendar,O nome que aparecerá no Google Agenda,
The password of your account has expired.,A senha da sua conta expirou.,
The process for deletion of {0} data associated with {1} has been initiated.,O processo de exclusão de {0} dados associados a {1} foi iniciado.,
The resource you are looking for is not available,O recurso que você está procurando não está disponível,
The system provides many pre-defined roles. You can add new roles to set finer permissions.,O sistema disponibiliza várias funções pré-definidas. Você pode adicionar novas funções para definir permissões mais específicas.,
The user from this field will be rewarded points,O usuário deste campo será recompensado pontos,
The webhook will be triggered if this expression is true,O webhook será acionado se esta expressão for verdadeira,
The {0} is already on auto repeat {1},O {0} já está em repetição automática {1},
Theme,Tema,
Theme Configuration,Configuração do Tema,
Theme URL,URL do tema,
There are documents which have workflow states that do not exist in this Workflow. It is recommended that you add these states to the Workflow and change their states before removing these states.,Existem documentos com estados de fluxo de trabalho que não existem neste fluxo de trabalho. É recomendável adicionar esses estados ao fluxo de trabalho e alterar seus estados antes de removê-los.,
There are {0} with the same filters already in the queue:,Existem {0} com os mesmos filtros já na fila:,
There can be only one Fold in a form,Só pode haver uma Fold de uma forma,
There is an error in your Address Template {0},Há um erro no seu modelo de endereço {0},
There is no data to be exported,Não há dados a serem exportados,
There is some problem with the file url: {0},Há algum problema com a url do arquivo: {0},
There is {0} with the same filters already in the queue:,Há {0} com os mesmos filtros já na fila:,
There must be atleast one permission rule.,É necessário que exista pelo menos uma regra de permissão.,
There was an error building this page,Ocorreu um erro ao construir esta página,
There was an error saving filters,Houve um erro ao salvar os filtros,
There were errors,Ocorreram erros,
There were errors while creating the document. Please try again.,"Houve erros ao criar o documento. Por favor, tente novamente.",
There were errors while sending email. Please try again.,"Ocorreram erros durante o envio de email. Por favor, tente novamente.",
"There were some errors setting the name, please contact the administrator","Houve alguns erros de definir o nome, por favor, entre em contato com o administrador",
These values will be automatically updated in transactions and also will be useful to restrict permissions for this user on transactions containing these values.,Esses valores serão atualizados automaticamente em transações e também serão úteis para restringir as permissões para este usuário em operações que contenham esses valores.,
Third Party Apps,Aplicativos de terceiros,
Third Party Authentication,Autenticação de Terceiros,
This Currency is disabled. Enable to use in transactions,Esta moeda é desativado. Ativar para usar em transações,
This Kanban Board will be private,Este Conselho Kanban será privado,
This Month,Este mês,
This Quarter,Este Trimestre,
This Week,Esta semana,
This Year,Este ano,
This action is only allowed for {},Esta ação é permitida apenas para {},
This cannot be undone,Isto não pode ser desfeito,
This card will be available to all Users if this is set,Este cartão estará disponível para todos os usuários se estiver definido,
This chart will be available to all Users if this is set,Este gráfico estará disponível para todos os usuários se estiver definido,
"This document allows you to edit limited fields. For all kinds of workspace customization, use the Edit button located on the workspace page","Este documento permite que você edite campos limitados. Para todos os tipos de personalização do espaço de trabalho, use o botão Editar localizado na página do espaço de trabalho",
This document cannot be reverted,Este documento não pode ser revertido,
This document has been modified after the email was sent.,Este documento foi modificado depois que o email foi enviado.,
This document has been reverted,Este documento foi revertido,
"This document is already amended, you cannot ammend it again","Este documento já foi alterado, você não pode alterá-lo novamente",
This email is autogenerated,Este e-mail é gerado automaticamente,
This feature is brand new and still experimental,Esta funcionalidade é nova e ainda está em fase experimental,
This form has been modified after you have loaded it,Este formulário foi modificado depois de ter carregado ele,
This form is not editable due to a Workflow.,Esta demanda não é editável devido a um fluxo de trabalho.,
This format is used if country specific format is not found,Este formato é usado se o formato específico país não é encontrado,
This goes above the slideshow.,Isto vai acima do slideshow.,
This is a background report. Please set the appropriate filters and then generate a new one.,"Este é um relatório de fundo. Por favor, defina os filtros apropriados e, em seguida, gere um novo.",
This is a top-10 common password.,Essa é uma das 10 senhas mais comuns.,
This is a top-100 common password.,Essa é uma das 100 senhas mais comuns.,
This is a very common password.,Essa é uma senha muito comum.,
This is an automatically generated reply,Isto é uma resposta gerada automaticamente,
This is an example Google SERP Preview.,Este é um exemplo de visualização do Google SERP.,
This is similar to a commonly used password.,Isso é parecido com uma senha comum.,
This is the number of the last created transaction with this prefix,Este é o número da última transação criada com este prefixo,
This link has already been activated for verification.,Este link já foi ativado para verificação.,
This link is invalid or expired. Please make sure you have pasted correctly.,"Este link é inválido ou expirou. Por favor, certifique-se de ter colado corretamente.",
This may get printed on multiple pages,Isso pode ser impresso em várias páginas,
This month,Este mês,
This report was generated on {0},Este relatório foi gerado em {0},
This report was generated {0}.,Este relatório foi gerado {0}.,
This request has not yet been approved by the user.,Esta solicitação ainda não foi aprovada pelo usuário.,
This title will be used as the title of the webpage as well as in meta tags,"Este título será usado como o título da página da web, bem como nas metatags",
"This will be automatically generated when you publish the page, you can also enter a route yourself if you wish","Isso será gerado automaticamente quando você publicar a página, você também pode inserir uma rota se desejar",
This will be shown in a modal after routing,Isso será mostrado em um modal após o roteamento,
This will be shown to the user in a dialog after routing to the report,Isso será mostrado ao usuário em uma caixa de diálogo após o roteamento para o relatório,
This will log out {0} from all other devices,Isso encerrará {0} de todos os outros dispositivos,
This will permanently remove your data.,Isso removerá permanentemente seus dados.,
Throttled,Throttled,
Thumbnail URL,URL Thumbnail,
Thursday,Quinta-feira,
Time,Tempo,
Time Format,Formato da hora,
Time Interval,Intervalo de tempo,
Time Series,Séries Temporais,
Time Series Based On,Séries Temporais Baseadas em,
Time Zone,Fuso horário,
Time Zones,Fusos horários,
Time format,Formato da hora,
Time in seconds to retain QR code image on server. Min:<strong>240</strong>,Tempo em segundos para manter a imagem do código QR no servidor. Min: <strong>240</strong>,
Time series based on is required to create a dashboard chart,As séries cronológicas baseadas em são necessárias para criar um gráfico de dashboard,
Time {0} must be in format: {1},A hora {0} deve estar no formato: {1},
Timeline DocType,DocType Timeline,
Timeline Field,Campo Timeline,
Timeline Links,Links da linha do tempo,
Timeline Name,Nome Timeline,
Timeline field must be a Link or Dynamic Link,Campo Timeline deve ser um link ou link dinâmico,
Timeline field must be a valid fieldname,campo Timeline deve ser um nome de campo válido,
Timeseries,Timeseries,
Timespan,Intervalo de tempo,
Timestamp,Timestamp,
Title,Título,
Title Field,Campo Título,
Title Prefix,Prefixo do Título,
Title field must be a valid fieldname,Campo Título deve ser um nome de campo válido,
Title of the page,Título da página,
To,Para,
To Date,Até a Data,
To Date Field,Até o momento do campo,
To Do,Atribuições,
To User,Ao usuário,
To and CC,Para e CC,
"To configure Auto Repeat, enable ""Allow Auto Repeat"" from {0}.","Para configurar a repetição automática, ative &quot;Permitir repetição automática&quot; de {0}.",
To enable it follow the instructions in the following link: {0},"Para habilitá-lo, siga as instruções no seguinte link: {0}",
"To get the updated report, click on {0}.","Para obter o relatório atualizado, clique em {0}.",
"To use Google Calendar, enable {0}.","Para usar o Google Agenda, ative {0}.",
"To use Google Contacts, enable {0}.","Para usar os Contatos do Google, ative {0}.",
"To use Google Drive, enable {0}.","Para usar o Google Drive, ative {0}.",
"To use Slack Channel, add a <a href=""#List/Slack%20Webhook%20URL/List"">Slack Webhook URL</a>.","Para usar o Slack Channel, adicione um <a href=""#List/Slack%20Webhook%20URL/List"">URL do Slack Webhook</a> .",
ToDo,Lista de Atribuições,
Today,Hoje,
Toggle Chart,Tabela de alternância,
Toggle Grid View,Toggle Grid View,
Toggle Sidebar,Toggle Sidebar,
Token,Símbolo,
Token is missing,Token está ausente,
Tomorrow,Tomorrow,
Too Many Requests,Muitos pedidos,
"Too many users signed up recently, so the registration is disabled. Please try back in an hour","Demasiados usuários se inscreveram recentemente, de modo que o registro estiver desativado. Por favor volte em uma hora",
Top,Topo,
Top Bar Item,Item da barra superior,
Top Bar Items,Itens da barra superior,
Top Performer,Top Performer,
Top Reviewer,Revisor Superior,
Top {0},Top {0},
Topic,Tópico,
Total,Total,
Total Subscribers,Total de Assinantes,
Total number of emails to sync in initial sync process ,número total de e-mails para sincronizar no processo de sincronização inicial,
Totals,Totais,
Totals Row,Linha de totais,
Traceback,Traceback,
Track Changes,Rastrear Alterações,
Track Email Status,Acompanhar status de e-mail,
Track Field,Trilha de corrida,
Track Seen,Marcar como visto,
Track Views,Acompanhar vistas,
Track milestones for any document,Acompanhe os marcos de qualquer documento,
Transaction Hash,Hash de transação,
Transaction Log,Log de transações,
Transaction Log Report,Relatório de log de transações,
Transgender,Transgênero,
Transition Rules,Regras de transição,
Transitions,Transições,
Translatable,Traduzível,
Translate values,Traduzir valores,
Translate {0},Traduzir {0},
Translated Text,Texto Traduzido,
Translation,Tradução,
Translations,Traduções,
Trash,lixo,
Tree,Árvore,
Tree structures are implemented using Nested Set,As estruturas de árvore são implementadas usando o Conjunto Aninhado,
Tree view is not available for {0},A visualização em árvore não está disponível para {0},
Trigger Method,Método gatilho,
Trigger Primary Action,Ação principal do acionador,
"Trigger on valid methods like ""before_insert"", ""after_update"", etc (will depend on the DocType selected)","Gatilho em métodos válidos como ""before_insert"", ""after_update"", etc. (dependerá do DocType selecionado)",
Try the new Print Designer,Experimente o novo Print Designer,
Try to avoid repeated words and characters,Tente evitar palavras repetidas e personagens,
Try to use a longer keyboard pattern with more turns,Tente usar um padrão de teclado mais tempo com mais voltas,
Tuesday,Terça-feira,
Two Factor Authentication,Autenticação de dois fatores,
Two Factor Authentication method,Método de autenticação de dois fatores,
Type,Tipo,
Type a reply / comment,Digite sua mensagem ou comentário...,
Type something in the search box to search,Digite algo na caixa de pesquisa para pesquisar,
Type:,Tipo:,
UID,UID,
UIDNEXT,UIDNEXT,
UIDVALIDITY,UIDVALIDITY,
UNSEEN,Por Ler,
URL,URL,
URL for documentation or help,URL para documentação ou ajuda,
URL of the page,URL da página,
URL to go to on clicking the slideshow image,URL para acessar ao clicar na imagem da apresentação de slides,
Unable to find DocType {0},Não foi possível encontrar DocType {0},
Unable to load camera.,Não é possível carregar a câmera.,
Unable to load: {0},Não é possível carregar: {0},
Unable to open attached file. Did you export it as CSV?,Foi impossível abrir o arquivo anexado. Você o exportou como CSV?,
Unable to read file format for {0},Não foi possível ler o formato do arquivo para {0},
Unable to update event,Não é possível atualizar evento,
Unable to write file format for {0},Não foi possível escrever o formato do arquivo para {0},
Unassign Condition,Desatribuir condição,
Uncaught Server Exception,Exceção de servidor não detectado,
Unchanged,Inalterado,
Undo,Desfazer,
Unfollow,Deixar de seguir,
Unhandled Email,Emails não trabalhados,
Unique,Único,
Unknown,Unknown,
Unknown Column: {0},Coluna desconhecida: {0},
Unknown User,Usuário desconhecido,
"Unknown file encoding. Tried utf-8, windows-1250, windows-1252.","Codificação de arquivo desconhecida. Tentei utf-8, Windows -1250 , Windows-1252 .",
Unread,Não lida,
Unread Notification Sent,Notificação de mensagem não lida enviada,
Unselect All,Desmarcar Todos,
Unshared,Não Compartilhado,
Unsubscribe,Cancelar subscrição,
Unsubscribe Method,Método de Cancelamento de Inscrição,
Unsubscribe Param,Parâmetero de Cancelamento de Inscrição,
Unsubscribed,Inscrição Cancelada,
Untitled Column,Coluna sem título,
Unzip,Descompactar,
Unzipped {0} files,Arquivos descompactados {0},
Unzipping files...,Descompactando arquivos ...,
Upcoming Events for Today,Próximos Eventos para Hoje,
Update,Atualizar,
Update Details,Detalhes da Atualização,
Update Existing Records,Atualizar registros existentes,
Update Field,Atualizar Campo,
Update Password,Atualizar Senha,
Update Series Number,Atualizar Números de Séries,
Update Settings,Atualizar configurações,
Update Translations,Atualizar Traduções,
Update Value,Atualizar Valor,
Updated,Atualizado,
Updated Successfully,Atualizado com sucesso,
Updated To A New Version 🎉,Atualizado para uma nova versão 🎉,
Updated successfully,Atualizado com sucesso,
Updating,Atualizando,Freeze message while updating a document
Updating {0},Atualizando {0},
"Updating {0} of {1}, {2}","Atualizando {0} de {1}, {2}",
Upload,Enviar,
Upload file,Subir arquivo,
Upload {0} files,Carregar {0} arquivos,
Uploaded To Dropbox,Enviado para o Dropbox,
Uploaded To Google Drive,Carregado no Google Drive,
Use % for any non empty value.,Use% para qualquer valor não vazio.,
Use ASCII encoding for password,Use codificação ASCII para senha,
Use IMAP,Usar IMAP,
Use POST,Use POST,
Use Report Chart,Usar gráfico de relatório,
Use SSL,Usar SSL,
Use TLS,Usar TLS,
"Use a few words, avoid common phrases.","Use algumas palavras, evite frases comuns.",
Use of sub-query or function is restricted,O uso de subconsulta ou função é restrito,
Use this fieldname to generate title,Utilize este campo para gerar o título,
User,Usuário,
User ,Usuário ,
User '{0}' already has the role '{1}',User &#39;{0}&#39; já tem o papel &#39;{1}&#39;,
User Agent,Agente de usuário,
User Cannot Create,O Usuário não pode criar,
User Cannot Search,O Usuário não pode pesquisar,
User Defaults,Padrões de Perfil,
User Email,Email do Usuário,
User Emails,Emails do Usuário,
User Field,Campo do usuário,
User ID,ID de Usuário,
User ID Property,Propriedade de ID do usuário,
User ID of a Blogger,ID do usuário de um Blogger,
User Id,ID do Usuário,
User Image,Imagem do Usuário,
User Name,Nome de usuário,
User Permission,A permissão do usuário,
User Permissions,Permissões de Usuário,
User Permissions are used to limit users to specific records.,Permissões de usuário são usadas para limitar usuários a registros específicos.,
User Permissions created sucessfully,Permissões de usuário criadas com sucesso,
User Profile,Perfil de Usuário,
User Settings,Configurações do Usuário,
User Social Login,Login Social do Usuário,
User Tags,Etiquetas de Usuários,
User Type,Tipo de Usuário,
User can login using Email id or Mobile number,O usuário pode efetuar login usando a ID do e-mail ou o número do celular,
User can login using Email id or User Name,O usuário pode fazer login usando o ID de e-mail ou o Nome de usuário,
User does not exist,Usuário não existe,
User is mandatory for Share,Usuário é obrigatória para Partilhar,
User must always select,O Usuário deve sempre selecionar,
User not allowed to delete {0}: {1},Usuário não tem permissão para excluir {0}: {1},
User permission already exists,A permissão do usuário já existe,
User {0} cannot be deleted,O usuário {0} não pode ser excluído,
User {0} cannot be disabled,O usuário {0} não pode ser desativado,
User {0} cannot be renamed,O usuário {0} não pode ser renomeado,
User {0} does not have access to this document,O usuário {0} não tem acesso a este documento,
User {0} does not have doctype access via role permission for document {1},O usuário {0} não tem acesso ao tipo de documento via permissão de função para o documento {1},
User {0} has requested for data deletion,O usuário {0} solicitou a exclusão de dados,
User {0} is disabled,Usuário {0} está desativado,
Username,Nome de Usuário,
Username {0} already exists,O nome de usuário {0} já existe,
Users,Usuários,
Users assigned to the reference document will get points.,Os usuários atribuídos ao documento de referência receberão pontos.,
Users with role {0}:,Os usuários com a função {0}:,
Using this console may allow attackers to impersonate you and steal your information. Do not enter or paste code that you do not understand.,O uso deste console pode permitir que invasores se façam passar por você e roubem suas informações. Não insira nem cole códigos que você não entende.,
Valid,Válido,
Valid Login id required.,É necessário um usuário válido.,
Valid email and name required,É necessário email válido e nome,
Validate Field,Validar Campo,
Validation Error,Erro de Validação,
Validity,Validade,
Value,Valor,
Value Based On,Valor Baseado em,
Value Change,Mudança de Valor,
Value Changed,Valor Alterado,
Value To Be Set,Valor a ser definido,
Value cannot be changed for {0},Valor não pode ser alterado para {0},
Value cannot be negative for,O valor não pode ser negativo para,
Value cannot be negative for {0}: {1},O valor não pode ser negativo para {0}: {1},
Value for a check field can be either 0 or 1,Valor para um campo de verificação pode ser 0 ou 1,
Value for field {0} is too long in {1}. Length should be lesser than {2} characters,O valor do campo {0} é muito longo em {1}. O comprimento deve ser menor que {2} caracteres,
Value for {0} cannot be a list,Valor para {0} não pode ser uma lista,
Value from this field will be set as the due date in the ToDo,O valor deste campo será definido como a data de vencimento no ToDo,
Value missing for,Valor em falta para,
Value must be one of {0},O valor deve ser um dos {0},
Value to Validate,Valor para Validar,
Value too big,Valor muito grande,
Value {0} missing for {1},Valor {0} ausente para {1},
Value {0} must be in the valid duration format: d h m s,O valor {0} deve estar no formato de duração válido: dhms,
Value {0} must in {1} format,O valor {0} deve estar no formato {1},
Values Changed,Valores Alterados,
Verdana,Verdana,
Verification,Verificação,
Verification Code,Código de verificação,
Verification Link,Link de verificação,
Verification code email not sent. Please contact Administrator.,E-mail do código de verificação não enviado. Entre em contato com o administrador.,
Verification code has been sent to your registered email address.,O código de verificação foi enviado para o seu endereço de e-mail registrado.,
Verified,Verificado,
Verify,Verificar,
Verify Password,Verifique a Senha,
Verifying...,Verificando...,
Version,Versão,
Version Updated,Atualização da versão,
Video URL,URL do vídeo,
View,Visão,
View All,Ver tudo,
View Comment,Ver comentário,
View Full Log,Visualizar log completo,
View List,Ver Lista,
View Log,Visualizar log,
View Permitted Documents,Ver documentos permitidos,
View Properties (via Customize Form),Exibir Propriedades (via Personalizar Formulário),
View Ref,Visualizar Ref,
View Report,Ver relatório,
View Settings,Ver Definições,
View Switcher,Alternador de visualização,
View Website,Ver  Site,
View document,Ver documento,
View report in your browser,Exibir relatório no seu navegador,
View this in your browser,Veja isto no seu navegador,
View {0},Ver {0},
Viewed By,Visto por,
Visit,Visita,
Visit Web Page,Visitar página da Web,
Warehouse,Armazém,
Warning,Aviso,
Warning: Unable to find {0} in any table related to {1},Aviso: Não foi possível encontrar {0} em nenhuma tabela relacionada a {1},
Was this article helpful?,Esse artigo foi útil?,
Watch Video,Assistir vídeo,
We have received a request for deletion of {0} data associated with: {1},Recebemos uma solicitação para exclusão de {0} dados associados a: {1},
We have received a request from you to download your {0} data associated with: {1},Recebemos uma solicitação sua para fazer o download de seus {0} dados associados a: {1},
Web Form,Formulário Web,
Web Form Field,Campo de Formulário Web,
Web Form Fields,Campos de formulário Web,
Web Page,Página Web,
Web Page Block,Bloco de página da web,
Web Page View,Visualização da página da web,
Web Template,Web Template,
Web Template Field,Campo de modelo da web,
Web Template Values,Valores de modelo da web,
Web View,web View,
Webhook,Webhook,
Webhook Data,Webhook Data,
Webhook Header,Cabeçalho Webhook,
Webhook Headers,Cabeçalhos Webhook,
Webhook Request,Pedido Webhook,
Webhook Secret,Segredo do Webhook,
Webhook Security,Segurança Webhook,
Webhook Trigger,Gatilho Webhook,
Webhook URL,URL do Webhook,
Website,Site,
Website Analytics,Análise do site,
Website Manager,Administrador do Site,
Website Meta Tag,Meta Tag do Site,
Website Route Meta,Meta Rota do Site,
Website Route Redirect,Redirecionamento de Rota do Site,
Website Script,Script do Site,
Website Settings,Configurações do Site,
Website Sidebar,Menu Lateral do Site,
Website Sidebar Item,Item do Menu Lateral do Site,
Website Slideshow,Slideshow do Site,
Website Slideshow Item,Item do Slideshow do Site,
Website Theme,Tema do Site,
Website Theme Ignore App,Aplicativo para ignorar tema do site,
Website Theme Image,Imagem do Tema do Site,
Wednesday,Quarta-feira,
Week,Semana,
Weekdays,Dias da Semana,
Weekly,Semanalmente,
Weekly Long,Semanalmente Longo,
Welcome Email Template,Modelo de email de boas-vindas,
Welcome email sent,Email de Boas Vindas enviado,
Welcome to {0},Bem-vindo ao {0},
"When enabled this will allow guests to upload files to your application, You can enable this if you wish to collect files from user without having them to log in, for example in job applications web form.","Quando ativado, isso permitirá que os convidados façam upload de arquivos para o seu aplicativo. Você pode habilitá-lo se desejar coletar arquivos do usuário sem que eles façam login, por exemplo, no formulário da Web de pedidos de emprego.",
"When you Amend a document after Cancel and save it, it will get a new number that is a version of the old number.","Quando você Corrigir um documento depois de Cancelar e salvá-lo, ele irá obter um novo número que é uma versão do número antigo.",
Which view of the associated DocType should this shortcut take you to?,Para qual visualização do DocType associado esse atalho deve levar você?,
Width,Largura,
Widths can be set in px or %.,Larguras podem ser definidas em px ou %.,
Wildcard Filter,Filtro Wildcard,
"Will add ""%"" before and after the query",Irá adicionar &quot;%&quot; antes e depois da consulta,
Will be used in url (usually first name).,Será utilizado na url (geralmente o primeiro nome).,
Will be your login ID,Será seu ID de login,
Will only be shown if section headings are enabled,só será mostrado se títulos de seção estão habilitados,
With Letter head,Com cabeçalho,
Worflow States Don't Exist,Estados de Worflow não existem,
Workflow,Fluxo de Trabalho,
Workflow Action,Ação do Fluxo de Trabalho,
Workflow Action Master,Cadastro de Ação do Fluxo de Trabalho,
Workflow Action Name,Nome da Ação do Fluxo de Trabalho,
Workflow Action is not created for optional states,A ação do fluxo de trabalho não é criada para estados opcionais,
Workflow Document State,Status do Documento do Fluxo de Trabalho,
Workflow Name,Nome do Fluxo de Trabalho,
Workflow State,Status do Fluxo de Trabalho,
Workflow State Field,Campo do Status do Fluxo de Trabalho,
Workflow State not set,Estado do fluxo de trabalho não definido,
Workflow State transition not allowed from {0} to {1},Transição do estado do fluxo de trabalho não permitida de {0} para {1},
Workflow Status,Status do fluxo de trabalho,
Workflow Transition,Transição do Fluxo de Trabalho,
Workflow state represents the current state of a document.,O Status do Fluxo de Trabalho representa o status atual de um documento.,
Wrapping up,Empacotando,
Write,Escrever,
Wrong Fetch From value,Valor errado de busca,
X Axis Field,Campo do eixo X,
X Field,Campo X,
XLSX,XLSX,
Y Axis,Eixo Y,
Y Axis Fields,Campos do eixo Y,
Y Field,Campo Y,
Yahoo Mail,Email do Yahoo,
Yandex.Mail,Yandex.Mail,
Year,Ano,
Yearly,Anual,
Yes,sim,
Yesterday,Ontem,
You,Você,Name of the current user. For example: You edited this 5 hours ago.
You are connected to internet.,Você está conectado à internet.,
You are not allowed to access this {0} record because it is linked to {1} '{2}' in field {3},Você não tem permissão para acessar este registro {0} porque está vinculado a {1} '{2}' no campo {3},
You are not allowed to create columns,Você não tem permissão para criar colunas,
You are not allowed to delete Standard Report,Você não tem permissão para excluir o relatório padrão,
You are not allowed to delete a standard Website Theme,Você não tem permissão para excluir um site Tema padrão,
You are not allowed to export {} doctype,Você não tem permissão para exportar {} doctype,
You are not allowed to print this report,Você não tem permissão para imprimir este relatório,
You are not allowed to send emails related to this document,Você não tem permissão para enviar emails relacionados a este documento,
You are not allowed to update this Web Form Document,Você não tem permissão para atualizar esse formulário Documento Web,
You are not connected to Internet. Retry after sometime.,Você não está conectado à Internet. Tente novamente após algum tempo.,
You are not permitted to access this page.,Você não tem permissão para acessar esta página.,
You are not permitted to access this resource. Login to access,Você não tem permissão para acessar este recurso. Faça login para acessar,
You are now following this document. You will receive daily updates via email. You can change this in User Settings.,Você está seguindo este documento agora. Você receberá atualizações diárias via e-mail. Você pode alterar isso nas configurações do usuário.,
You attached {0},Você anexou {0},Form timeline
You can add dynamic properties from the document by using Jinja templating.,Você pode adicionar propriedades dinâmicas do documento usando Jinja templates.,
You can also copy-paste following link in your browser,Você também pode copiar e colar o seguinte link no seu navegador,
You can also copy-paste this ,Você também pode copiar e colar,
You can also copy-paste this {0} to your browser,Você também pode copiar e colar isto {0} no seu navegador,
"You can change Submitted documents by cancelling them and then, amending them.",Você pode alterar documentos cancelados,
You can only upload upto 5000 records in one go. (may be less in some cases),Você só pode fazer upload de até 5.000 registros de uma só vez. (Este valor pode vir a ser inferior em alguns casos),
"You can select one from the following,","Você pode selecionar um dos seguintes,",
You can try changing the filters of your report.,Você pode tentar alterar os filtros do seu relatório.,
You can use Customize Form to set levels on fields.,"Você pode usar ""Personalizar Formulário"" para definir os níveis de campos.",
You can use wildcard %,Você pode usar o coringa %,
You can't set 'Options' for field {0},Você não pode configurar &#39;Opções&#39; para o campo {0},
You can't set 'Translatable' for field {0},Você não pode configurar &#39;Traduzível&#39; para o campo {0},
You cannot create a dashboard chart from single DocTypes,Você não pode criar um gráfico de Dashboard de DocTypes únicos,
You cannot give review points to yourself,Você não pode dar pontos de avaliação para si mesmo,
You cannot unset 'Read Only' for field {0},"Você não pode desabilitar ""Somente leitura"" para o campo {0}",
You changed the value of {0},Você alterou a informação {0},
You created this,Você Criou há,
You do not have enough permissions to access this resource. Please contact your manager to get access.,"Você não tem permissão suficiente para acessar este recurso. Por favor, contate o administrador para ter acesso.",
You do not have enough permissions to complete the action,Você não tem permissão suficiente para completar a ação,
You do not have enough points,Você não tem pontos suficientes,
You do not have enough review points,Você não tem pontos de revisão suficientes,
You do not have permissions to cancel all linked documents.,Você não tem permissão para cancelar todos os documentos vinculados.,
You don't have access to Report: {0},Você não tem acesso ao Relatório: {0},
You don't have permission to access this file,Você não tem permissão para acessar este arquivo,
You don't have permission to get a report on: {0},Você não tem permissão para acessar um relatório sobre: {0},
You don't have the permissions to access this document,Você não tem as permissões para acessar este documento,
You gained {0} point,Você ganhou {0} ponto,
You gained {0} points,Você ganhou {0} pontos,
You have a new message from: ,Você tem uma nova mensagem de:,
You have been successfully logged out,Você saiu do sistema com sucesso,
You have unsaved changes in this form. Please save before you continue.,Você tem alterações não salvas neste formulário.,
You have unseen {0},Você não viu {0},
You haven't added any Dashboard Charts or Number Cards yet.,Você ainda não adicionou nenhum gráfico de Dashboard ou cartão numérico.,
You hit the rate limit because of too many requests. Please try after sometime.,"Você atingiu o limite de taxa devido a muitas solicitações. Por favor, tente novamente mais tarde.",
You last edited this,Você editou isso pela última vez,
You must login to submit this form,Você precisa estar logado para enviar este formulário,
You need to be in developer mode to edit a Standard Web Form,Você precisa estar no modo de desenvolvedor para editar um Formulário Web Padrão,
You need to be logged in and have System Manager Role to be able to access backups.,Você precisa estar conectado e ter permissão para ser capaz de acessar backups.,
You need to be logged in to access this page,Você precisa estar logado para acessar esta página,
You need to be logged in to access this {0}.,Você precisa estar logado para acessar esta {0}.,
You need to create these first: ,Você precisa criar estes primeiro:,
You need to enable JavaScript for your app to work.,Você precisa habilitar o JavaScript para que seu aplicativo funcione.,
"You need to have ""Share"" permission","Você precisa ter a permissão ""Compartilhar""",
You need to install pycups to use this feature!,Você precisa instalar pycups para usar este recurso!,
You seem good to go!,Você parece bom para ir!,
You selected Draft or Cancelled documents,Você selecionou documentos preliminares ou cancelados,
You unfollowed this document,Você deixou de seguir este documento,
Your Country,Seu País,
Your Language,Seu Idioma,
Your Name,Seu Nome,
Your Shortcuts,Seus Atalhos,
Your account has been locked and will resume after {0} seconds,Sua conta foi bloqueada e será retomada após {0} segundos,
Your assignment on {0} {1} has been removed by {2},Sua tarefa em {0} {1} foi removida por {2},
Your connection request to Google Calendar was successfully accepted,Sua solicitação de conexão ao Google Agenda foi aceita com sucesso,
Your email address,Seu endereço de email,
Your login id is,Sua identificação de acesso é,
Your organization name and address for the email footer.,Nome da empresa e endereço para o rodapé do email.,
"Your query has been received. We will reply back shortly. If you have any additional information, please reply to this mail.","Sua consulta foi recebida. Nós responderemos de volta em breve. Se você tiver qualquer informação adicional, por favor responda a este email.",
"Your session has expired, please login again to continue.","Sua sessão expirou, faça o login novamente para continuar.",
Zero,Zero,
Zero means send records updated at anytime,Zero significa enviar registros atualizados a qualquer momento,
_doctype,_doctype,
_report,_relatório,
added,adicionado,
adjust,ajustar,
after_insert,after_insert,
align-center,Centralizar,
align-justify,Justificar,
align-left,Alinhar à esquerda,
align-right,Alinhar à direita,
and,e,
arrow-down,seta para baixo,
arrow-left,seta para a esquerda,
arrow-right,seta para a direita,
arrow-up,seta para cima,
asterisk,asterisco,
backward,para trás,
ban-circle,círculo de proibição,
barcode,Código de barras,
bell,sino,
blue,azul,
bold,negrito,
book,livro,
bookmark,favorito,
briefcase,pasta,
bullhorn,megafone,
by Role,por papel,
calendar,calendário,
camera,câmera,
certificate,certificado,
check,Verificar,
chevron-down,divisa-abaixo,
chevron-left,divisa-esquerda,
chevron-right,divisa-direito,
chevron-up,divisa-acima,
circle-arrow-down,círculo de seta para baixo,
circle-arrow-left,círculo de seta para a esquerda,
circle-arrow-right,círculo de seta à direita,
circle-arrow-up,círculo de seta para cima,
clear,limpar,
cog,roda dentada,
comment,Comentário,
commented,comentou,
darkgrey,cinza escuro,
dashboard,dashboard,
dd-mm-yyyy,dd-mm-aaaa,
dd.mm.yyyy,dd.mm.aaaa,
dd/mm/yyyy,dd/mm/aaaa,
"document type..., e.g. customer","Tipo de documento ..., por exemplo: cliente",
download,Baixar,
download-alt,download-alt,
"e.g. ""Support"", ""Sales"", ""Jerry Yang""","ex: ""Pós-Venda"", "" Vendas "", ""Edmilson""",
e.g. (55 + 434) / 4 or =Math.sin(Math.PI/2)...,por exemplo (55 + 434) / 4 ou = Math.sin (Math.PI / 2) ...,
e.g. pop.gmail.com / imap.gmail.com,ex: pop.gmail.com / imap.gmail.com,
e.g. replies@yourcomany.com. All replies will come to this inbox.,eg replies@yourcomany.com. Todas as respostas virão a esta caixa de entrada.,
e.g. smtp.gmail.com,ex: smtp.gmail.com,
e.g.:,ex:,
edit,editar,
eject,ejetar,
email,email,
email inbox,Caixa de Entrada,
empty,vazio,
envelope,envelope,
exclamation-sign,sinal de exclamação,
eye-close,olho fechado,
eye-open,olho aberto,
facebook,Facebook,
facetime-video,vídeo do facetime,
fairlogin,fairlogin,
fast-backward,retrocesso rápido,
fast-forward,avanço rápido,
file,arquivo,
film,filme,
filter,filtro,
fire,fogo,
flag,bandeira,
folder-close,fechar pasta,
folder-open,abrir pasta,
font,fonte,
forward,para a frente,
fullscreen,tela cheia,
gained by {0} via automatic rule {1},ganho por {0} via regra automática {1},
gift,presente,
glass,vidro,
globe,globo,
green,verde,
hand-down,mão abaixo,
hand-left,mão à esquerda,
hand-right,mão à direita,
hand-up,mão acima,
hdd,hdd,
headphones,fones de ouvido,
heart,coração,
home,casa,
hub,Hub,
icon,ícone,
in minutes,em minutos,
inbox,Caixa de Entrada,
indent-left,indentar à esquerda,
indent-right,indentar à direita,
info-sign,Sinal de Informações,
italic,itálico,
just now,agora mesmo,
leaf,folha,
link,Link,
linkedin,LinkedIn,
list,Lista,
list-alt,lista de alt-,
lock,trancar,
logged in,Logado,
magnet,ímã,
map-marker,marcador do mapa,
merged {0} into {1},Combinado {0} com {1},
minus,menos,
minus-sign,sinal de menos,
mm-dd-yyyy,mm-dd-aaaa,
mm/dd/yyyy,mm/dd/aaaa,
module,módulo,
module name...,nome do módulo ...,
move,mover,
music,música,
new,Novo,
new type of document,novo tipo de documento,
no failed attempts,tentativas não falharam,
now,agora,
of,do,
off,fora,
ok,ok,
ok-circle,ok-círculo,
ok-sign,ok-sinal,
old_parent,old_parent,
on_cancel,on_cancel,
on_change,em mudança,
on_submit,on_submit,
on_trash,on_trash,
on_update,on_update,
on_update_after_submit,on_update_after_submit,
only.,apenas.,
or,ou,
orange,laranja,
page,página,
pause,pausar,
pencil,lápis,
picture,imagem,
plane,avião,
play,jogar,
play-circle,jogo-círculo,
plus,mais,
plus-sign,sinal de mais,
print,imprimir,
purple,roxo,
qrcode,QRCode,
query-report,relatório-de-consulta,
question-sign,ponto de interrogação,
random,aleatório,
red,vermelho,
refresh,atualizar,
remove,remover,
remove-circle,remove-círculo,
remove-sign,remover-assinar,
removed,removido,
renamed from {0} to {1},renomeado de {0} para {1},
repeat,repetir,
resize-full,redimensionamento completo,
resize-horizontal,redimensionamento horizontal,
resize-small,redimensionamento pequeno,
resize-vertical,redimensionamento vertical,
response,resposta,
restored {0} as {1},restaurado {0} como {1},
retweet,retwitar,
road,estrada,
screenshot,captura de tela,
search,procurar,
share,ação,
share-alt,partes-alt,
shopping-cart,carrinho de compras,
signal,sinalizar,
since last month,desde o último mês,
since last week,desde a semana passada,
since last year,desde o ano passado,
since yesterday,desde ontem,
star,estrela,
star-empty,sem estrela,
step-backward,voltar,
step-forward,prosseguir,
stop,Parar,
tag,tag,
"tag name..., e.g. #tag","nome da tag ..., por exemplo, #tag",
tags,tags,
tasks,tarefas,
text in document type,texto em tipo de documento,
text-height,altura de texto,
text-width,largura de texto,
th,ª,
th-large,ª-grande,
th-list,ª-lista,
thumbs-down,polegar para baixo,
thumbs-up,polegar para cima,
time,tempo,
tint,matiz,
trash,lixo,
twitter,Twitter,
updated to {0},atualizado para {0},
upload,upload,
use % as wildcard,usar % como coringa,
user,usuário,
values separated by commas,valores separados por vírgulas,
via Assignment Rule,via regra de atribuição,
via Data Import,via importação de dados,
via Notification,via notificação,
via automatic rule {0} on {1},via regra automática {0} em {1},
via {0},via {0},
volume-down,diminuir volume,
volume-off,mudo,
volume-up,aumentar volume,
warning-sign,sinal de alerta,
wrench,chave inglesa,
yellow,amarelo,
yesterday,ontem,
yyyy-mm-dd,dd/mm/yyyy,
zoom-in,aumentar zoom,
zoom-out,diminuir zoom,
{0} ({1}) (1 row mandatory),{0} ({1}) (1 linha obrigatória),
{0} Calendar,{0} Calendário,
{0} Chart,{0} Gráfico,
{0} Dashboard,{0} Dashboard,
{0} Fields,{0} campos,
{0} Google Calendar Events synced.,{0} Eventos do Google Agenda sincronizados.,
{0} Google Contacts synced.,{0} Contatos do Google sincronizados.,
{0} List,{0} Lista(s),
{0} M,{0} mi,
{0} Modules,{0} módulos,
{0} Name,{0} Nome,
{0} Report,{0} Relatório,
{0} Reports,{0} relatórios,
{0} Settings,{0} Configurações,
{0} Tree,Árvore de {0},
{0} Web page views,{0} page views,
{0} added,{0} adicionado,
{0} already exists. Select another name,{0} já existe. Selecione outro nome,
{0} already unsubscribed,{0} já teve sua inscrição removida,
{0} already unsubscribed for {1} {2},{0} já teve sua sua inscrição cancelada para {1} {2},
{0} and {1},{0} e {1},
{0} appreciated on {1},{0} apreciado em {1},
{0} appreciated your work on {1} with {2} point,{0} apreciou seu trabalho em {1} com {2} ponto,
{0} appreciated your work on {1} with {2} points,{0} apreciou seu trabalho em {1} com {2} pontos,
{0} appreciated {1},{0} apreciado {1},
{0} are currently {1},{0} são atualmente {1},
{0} are required,{0} são obrigatórios,
{0} assigned a new task {1} {2} to you,{0} atribuiu uma nova tarefa {1} {2} a você,
{0} assigned {1}: {2},{0} atribuído {1}: {2},
{0} attached {1},{0} anexo {1},Form timeline
{0} changed the value of {1},{0} alterou a informação do {1},
{0} comments,{0} comentários,
{0} created successfully,{0} criado com sucesso,
{0} created this,{0} criou há,
{0} criticized on {1},{0} criticado em {1},
{0} criticized your work on {1} with {2} point,{0} criticou seu trabalho em {1} com {2} ponto,
{0} criticized your work on {1} with {2} points,{0} criticou seu trabalho em {1} com {2} pontos,
{0} criticized {1},{0} criticou {1},
{0} d,{0} d,
{0} days ago,{0} dias atrás,
{0} does not exist in row {1},{0} não existe em linha {1},
"{0} field cannot be set as unique in {1}, as there are non-unique existing values","{0} campo não pode ser definido como único em {1}, pois há valores duplicados existentes",
{0} from {1} to {2},{0} de {1} para {2},
{0} gained {1} point for {2} {3},{0} ganhou {1} ponto por {2} {3},
{0} gained {1} points for {2} {3},{0} ganhou {1} pontos por {2} {3},
{0} h,{0} h,
{0} has already assigned default value for {1}.,{0} já atribuiu o valor padrão para {1}.,
{0} has been successfully added to the Email Group.,"{0} foi adicionado com sucesso ao grupo de emails,",
{0} has left the conversation in {1} {2},{0}  deixou a conversa em {1} {2},
{0} has no versions tracked.,{0} não possui versões controladas.,
{0} hours ago,{0} horas atrás,
{0} in row {1} cannot have both URL and child items,{0} na linha {1} não pode ter URL e Itens vinculados ao mesmo tempo,
{0} is a mandatory field,{0} é um campo obrigatório,
{0} is an invalid Data field.,{0} é um campo de dados inválido.,
{0} is an invalid email address in 'Recipients',{0} é um endereço de e-mail inválido em &#39;Destinatários&#39;,
{0} is currently {1},{0} atualmente é {1},
{0} is mandatory,{0} é obrigatório,
{0} is not a raw printing format.,{0} não é um formato de impressão não processado.,
{0} is not a valid DocType for Dynamic Link,{0} não é um DocType válido para Dynamic Link,
{0} is not a valid Email Address,{0} não é um endereço de email válido,
{0} is not a valid Name,{0} não é um nome válido,
{0} is not a valid Phone Number,{0} não é um número de telefone válido,
{0} is not a valid Workflow State. Please update your Workflow and try again.,{0} não é um estado válido do fluxo de trabalho. Atualize seu fluxo de trabalho e tente novamente.,
{0} is not a valid report format. Report format should one of the following {1},{0} não é um formato de relatório válido. O formato do relatório deve ser um dos seguintes {1},
{0} is now default print format for {1} doctype,{0} agora é o formato de impressão padrão para o doctype {1},
{0} is required,{0} é necessário,
{0} items selected,{0} itens selecionados,
{0} last edited this,{0} editou isso pela última vez,
{0} logged in,{0} logado(s),
{0} logged out: {1},{0} deslogado: {1},
{0} m,{0} m,
{0} mentioned you in a comment in {1} {2},{0} fez referência a você em um comentário em {1} {2},
{0} minutes ago,{0} minutos atrás,
{0} months ago,{0} meses atrás,
{0} must be after {1},{0} deve ser depois de {1},
{0} must be one of {1},{0} deve fazer parte de {1},
{0} must be set first,{0} deve ser definida primeiro,
{0} must be unique,{0} já foi cadastrado e deve ser único,
{0} not a valid State,{0} não é um status válido,
{0} not allowed to be renamed,não é permitido renomear {0},
{0} not found,{0} não encontrado,
{0} of {1},{0} de {1},
{0} of {1} ({2} rows with children),{0} de {1} ({2} linhas com crianças),
{0} or {1},{0} ou {1},
{0} record deleted,{0} registro excluído,
{0} records deleted,{0} registros excluídos,
{0} records will be exported,{0} registros serão exportados,
{0} removed attachment {1},{0} anexo {1},Form timeline
{0} reverted your point on {1},{0} reverteu seu ponto em {1},
{0} reverted your points on {1},{0} reverteu seus pontos em {1},
{0} reverted {1},{0} revertido {1},
{0} saved successfully,{0} salvo com sucesso,
{0} self assigned this task: {1},{0} self designou esta tarefa: {1},
{0} shared a document {1} {2} with you,{0} compartilhou um documento {1} {2} com você,
{0} shared this document with everyone,{0} compartilhou este documento com todos,
{0} shared this document with {1},{0} compartilhou este documento com {1},
{0} should not be same as {1},{0} não deve ser o mesmo que {1},
{0} subscribers added,{0} assinantes acrescentados,
{0} to stop receiving emails of this type,{0} para parar de receber e-mails desse tipo,
{0} to {1},{0} para {1},
{0} un-shared this document with {1},{0} descompartilhou este documento com {1},
{0} updated,{0} atualizado(a),
{0} values selected,{0} valores selecionados,
{0} w,{0} w,
{0} weeks ago,{0} semanas atrás,
{0} y,{0} a,
{0} years ago,{0} anos atrás,
{0} {1} added,{0} {1} adicionado,
{0} {1} added to Dashboard {2},{0} {1} adicionado ao Dashboard {2},
{0} {1} already exists,{0} {1} já existe,
"{0} {1} cannot be ""{2}"". It should be one of ""{3}""","{0} {1} não pode ser ""{2}"". Deve pertencer a ""{3}""",
{0} {1} cannot be a leaf node as it has children,"{0} {1} não pode ser um nó de extremidade , uma vez que tem filhos",
"{0} {1} does not exist, select a new target to merge","{0} {1} não existe , selecione um novo alvo para mesclar",
{0} {1} is linked with the following submitted documents: {2},{0} {1} está vinculado aos seguintes documentos enviados: {2},
{0} {1} not found,{0} {1} não encontrado,
{0} {1}: Submitted Record cannot be deleted. You must {2} Cancel {3} it first.,{0} {1}: O registro enviado não pode ser excluído. Você deve {2} cancelar {3} primeiro.,
"{0}, Row {1}","{0}, Linha {1}",
"{0}: '{1}' ({3}) will get truncated, as max characters allowed is {2}","{0}: '{1}' ({3}) vai ficar truncado, pois os caracteres máximos permitidos são {2}",
{0}: Cannot set Amend without Cancel,{0}: Não é possível definir Amend sem Cancelar,
{0}: Cannot set Assign Amend if not Submittable,{0}: Não é possível definir atributo Corrigir se não pode ser enviado,
{0}: Cannot set Assign Submit if not Submittable,{0}: Não é possível definir atributo Enviar se não pode ser enviado,
{0}: Cannot set Cancel without Submit,{0}: Não é possível definir Cancelar sem Submeter,
{0}: Cannot set Import without Create,{0}: Não é possível definir Importação sem Criar,
"{0}: Cannot set Submit, Cancel, Amend without Write","{0}: Não é possível definir Enviar, Cancelar, Alterar sem Salvar",
{0}: Cannot set import as {1} is not importable,{0}: Não é possível definir importação como {1} se não é importável,
"{0}: Failed to attach new recurring document. To enable attaching document in the auto repeat notification email, enable {1} in Print Settings","{0}: falha ao anexar novo documento recorrente. Para ativar o anexo de documento no e-mail de notificação de repetição automática, ative {1} em Configurações de impressão",
{0}: Field '{1}' cannot be set as Unique as it has non-unique values,"{0}: o campo &#39;{1}&#39; não pode ser definido como Único, pois possui valores não exclusivos",
{0}: Field {1} in row {2} cannot be hidden and mandatory without default,{0}: o campo {1} na linha {2} não pode ser oculto e obrigatório sem padrão,
{0}: Field {1} of type {2} cannot be mandatory,{0}: o campo {1} do tipo {2} não pode ser obrigatório,
{0}: Fieldname {1} appears multiple times in rows {2},{0}: O nome do campo {1} aparece várias vezes nas linhas {2},
{0}: Fieldtype {1} for {2} cannot be unique,{0}: o tipo de campo {1} para {2} não pode ser exclusivo,
{0}: No basic permissions set,{0}: Nenhum conjunto de permissões básico,
"{0}: Only one rule allowed with the same Role, Level and {1}","{0}: Apenas uma regra de permissão com a mesma função, nível e {1}",
{0}: Options must be a valid DocType for field {1} in row {2},{0}: as opções devem ser um DocType válido para o campo {1} na linha {2},
{0}: Options required for Link or Table type field {1} in row {2},{0}: Opções necessárias para o campo Tipo de link ou tabela {1} na linha {2},
{0}: Options {1} must be the same as doctype name {2} for the field {3},{0}: as opções {1} devem ser as mesmas que o nome do tipo de documento {2} para o campo {3},
{0}: Other permission rules may also apply,{0}: Outras regras de permissão também podem ser aplicadas,
{0}: Permission at level 0 must be set before higher levels are set,{0} : permissão no nível 0 deve ser definida antes de definir os níveis mais altos,
{0}: {1} is set to state {2},{0}: {1} está configurado para declarar {2},
{0}: {1} vs {2},{0}: {1} vs {2},
{0}:Fieldtype {1} for {2} cannot be indexed,{0}: o tipo de campo {1} para {2} não pode ser indexado,
{{{0}}} is not a valid fieldname pattern. It should be {{field_name}}.,{{{0}}} não é padrão para nome de campo válido. Deve ser {{field_name}}.,
{} Complete,{} Completo,
{} is not a valid date string.,{} não é uma string de data válida.,
← Back to upload files,← Voltar para upload de arquivos,
